{"_shards":{"failed":0,"successful":2,"total":2},"hits":{"hits":[{"_id":"AVrxbQ-3eAAlKmH98W1B","_index":"sonarqube","_score":1,"_source":{"Bugs":"0","Build Number":"20","Job Name":"SonarQube","Json":"{\"components\":[{\"enabled\":true,\"id\":14,\"key\":\"java-project:src/main/webapp/resources/scripts/weatherwidget.js\",\"longName\":\"src/main/webapp/resources/scripts/weatherwidget.js\",\"name\":\"weatherwidget.js\",\"path\":\"src/main/webapp/resources/scripts/weatherwidget.js\",\"projectId\":1,\"qualifier\":\"FIL\",\"subProjectId\":1,\"uuid\":\"AVoTy07tl43SayIqyKtk\"},{\"enabled\":true,\"id\":1,\"key\":\"java-project\",\"longName\":\"Taxi\",\"name\":\"Taxi\",\"qualifier\":\"TRK\",\"uuid\":\"AVoTlMAYiQGGbcTNdEmr\"}],\"issues\":[{\"author\":\"\",\"comments\":[],\"component\":\"java-project:src/main/webapp/resources/scripts/weatherwidget.js\",\"componentId\":14,\"creationDate\":\"2017-02-06T14:19:29+0000\",\"debt\":\"5min\",\"effort\":\"5min\",\"flows\":[],\"key\":\"AVoTy1Jdl43SayIqyKtv\",\"line\":56,\"message\":\"Remove this logging statement.\",\"project\":\"java-project\",\"rule\":\"javascript:S2228\",\"severity\":\"MINOR\",\"status\":\"OPEN\",\"tags\":[\"owasp-a6\",\"user-experience\"],\"textRange\":{\"endLine\":56,\"endOffset\":14,\"startLine\":56,\"startOffset\":3},\"type\":\"VULNERABILITY\",\"updateDate\":\"2017-02-06T14:19:29+0000\"}],\"p\":1,\"paging\":{\"pageIndex\":1,\"pageSize\":100,\"total\":1},\"ps\":100,\"total\":1}","RunID":"20","Vulnerability":"1"},"_timestamp":1490109140919,"_type":"run"},{"_id":"AVse8G2mQ4zZiFqIr677","_index":"sonarqube","_score":1,"_source":{"Bugs":"0","Build Number":"25","Job Name":"SonarQube","Json":"{\"components\":[{\"enabled\":true,\"id\":14,\"key\":\"java-project:src/main/webapp/resources/scripts/weatherwidget.js\",\"longName\":\"src/main/webapp/resources/scripts/weatherwidget.js\",\"name\":\"weatherwidget.js\",\"path\":\"src/main/webapp/resources/scripts/weatherwidget.js\",\"projectId\":1,\"qualifier\":\"FIL\",\"subProjectId\":1,\"uuid\":\"AVoTy07tl43SayIqyKtk\"},{\"enabled\":true,\"id\":1,\"key\":\"java-project\",\"longName\":\"Taxi\",\"name\":\"Taxi\",\"qualifier\":\"TRK\",\"uuid\":\"AVoTlMAYiQGGbcTNdEmr\"}],\"issues\":[{\"author\":\"\",\"comments\":[],\"component\":\"java-project:src/main/webapp/resources/scripts/weatherwidget.js\",\"componentId\":14,\"creationDate\":\"2017-02-06T14:19:29+0000\",\"debt\":\"5min\",\"effort\":\"5min\",\"flows\":[],\"key\":\"AVoTy1Jdl43SayIqyKtv\",\"line\":56,\"message\":\"Remove this logging statement.\",\"project\":\"java-project\",\"rule\":\"javascript:S2228\",\"severity\":\"MINOR\",\"status\":\"OPEN\",\"tags\":[\"owasp-a6\",\"user-experience\"],\"textRange\":{\"endLine\":56,\"endOffset\":14,\"startLine\":56,\"startOffset\":3},\"type\":\"VULNERABILITY\",\"updateDate\":\"2017-02-06T14:19:29+0000\"}],\"p\":1,\"paging\":{\"pageIndex\":1,\"pageSize\":100,\"total\":1},\"ps\":100,\"total\":1}","RunID":"25","Vulnerability":"1"},"_timestamp":1490872724902,"_type":"run"},{"_id":"AVsj_aXRQ4zZiFqIr68E","_index":"sonarqube","_score":1,"_source":{"Bugs":"0","Build Number":"26","Job Name":"SonarQube","Json":"{\"components\":[{\"enabled\":true,\"id\":14,\"key\":\"java-project:src/main/webapp/resources/scripts/weatherwidget.js\",\"longName\":\"src/main/webapp/resources/scripts/weatherwidget.js\",\"name\":\"weatherwidget.js\",\"path\":\"src/main/webapp/resources/scripts/weatherwidget.js\",\"projectId\":1,\"qualifier\":\"FIL\",\"subProjectId\":1,\"uuid\":\"AVoTy07tl43SayIqyKtk\"},{\"enabled\":true,\"id\":1,\"key\":\"java-project\",\"longName\":\"Taxi\",\"name\":\"Taxi\",\"qualifier\":\"TRK\",\"uuid\":\"AVoTlMAYiQGGbcTNdEmr\"}],\"issues\":[{\"author\":\"\",\"comments\":[],\"component\":\"java-project:src/main/webapp/resources/scripts/weatherwidget.js\",\"componentId\":14,\"creationDate\":\"2017-02-06T14:19:29+0000\",\"debt\":\"5min\",\"effort\":\"5min\",\"flows\":[],\"key\":\"AVoTy1Jdl43SayIqyKtv\",\"line\":56,\"message\":\"Remove this logging statement.\",\"project\":\"java-project\",\"rule\":\"javascript:S2228\",\"severity\":\"MINOR\",\"status\":\"OPEN\",\"tags\":[\"owasp-a6\",\"user-experience\"],\"textRange\":{\"endLine\":56,\"endOffset\":14,\"startLine\":56,\"startOffset\":3},\"type\":\"VULNERABILITY\",\"updateDate\":\"2017-02-06T14:19:29+0000\"}],\"p\":1,\"paging\":{\"pageIndex\":1,\"pageSize\":100,\"total\":1},\"ps\":100,\"total\":1}","RunID":"26","Vulnerability":"1"},"_timestamp":1490957477329,"_type":"run"},{"_id":"AVrsoYdKpQSETYJga33H","_index":"sonarqube","_score":1,"_source":{"Bugs":"0","Build Number":"18","Job Name":"SonarQube","Json":"{\"components\":[{\"enabled\":true,\"id\":14,\"key\":\"java-project:src/main/webapp/resources/scripts/weatherwidget.js\",\"longName\":\"src/main/webapp/resources/scripts/weatherwidget.js\",\"name\":\"weatherwidget.js\",\"path\":\"src/main/webapp/resources/scripts/weatherwidget.js\",\"projectId\":1,\"qualifier\":\"FIL\",\"subProjectId\":1,\"uuid\":\"AVoTy07tl43SayIqyKtk\"},{\"enabled\":true,\"id\":1,\"key\":\"java-project\",\"longName\":\"Taxi\",\"name\":\"Taxi\",\"qualifier\":\"TRK\",\"uuid\":\"AVoTlMAYiQGGbcTNdEmr\"}],\"issues\":[{\"author\":\"\",\"comments\":[],\"component\":\"java-project:src/main/webapp/resources/scripts/weatherwidget.js\",\"componentId\":14,\"creationDate\":\"2017-02-06T14:19:29+0000\",\"debt\":\"5min\",\"effort\":\"5min\",\"flows\":[],\"key\":\"AVoTy1Jdl43SayIqyKtv\",\"line\":56,\"message\":\"Remove this logging statement.\",\"project\":\"java-project\",\"rule\":\"javascript:S2228\",\"severity\":\"MINOR\",\"status\":\"OPEN\",\"tags\":[\"owasp-a6\",\"user-experience\"],\"textRange\":{\"endLine\":56,\"endOffset\":14,\"startLine\":56,\"startOffset\":3},\"type\":\"VULNERABILITY\",\"updateDate\":\"2017-02-06T14:19:29+0000\"}],\"p\":1,\"paging\":{\"pageIndex\":1,\"pageSize\":100,\"total\":1},\"ps\":100,\"total\":1}","RunID":"18","Vulnerability":"1"},"_timestamp":1490028693322,"_type":"run"},{"_id":"AVtct86EAXseR2EsSHux","_index":"sonarqube","_score":1,"_source":{"Bugs":"0","Build Number":"29","Job Name":"sonarqube","RunID":"29","Vulnerability":"1"},"_timestamp":1491909201540,"_type":"run"},{"_id":"AVtg3MbsAXseR2EsSHu0","_index":"sonarqube","_score":1,"_source":{"Bugs":"0","Build Number":"33","Job Name":"SonarQube","RunID":"33","Vulnerability":"1"},"_timestamp":1491978733292,"_type":"run"},{"_id":"AVrqkIvJpQSETYJga32M","_index":"sonarqube","_score":1,"_source":{"Bugs":"0","Build Number":"16","Job Name":"SonarQube","Json":"{\"components\":[{\"enabled\":true,\"id\":14,\"key\":\"java-project:src/main/webapp/resources/scripts/weatherwidget.js\",\"longName\":\"src/main/webapp/resources/scripts/weatherwidget.js\",\"name\":\"weatherwidget.js\",\"path\":\"src/main/webapp/resources/scripts/weatherwidget.js\",\"projectId\":1,\"qualifier\":\"FIL\",\"subProjectId\":1,\"uuid\":\"AVoTy07tl43SayIqyKtk\"},{\"enabled\":true,\"id\":1,\"key\":\"java-project\",\"longName\":\"Taxi\",\"name\":\"Taxi\",\"qualifier\":\"TRK\",\"uuid\":\"AVoTlMAYiQGGbcTNdEmr\"}],\"issues\":[{\"author\":\"\",\"comments\":[],\"component\":\"java-project:src/main/webapp/resources/scripts/weatherwidget.js\",\"componentId\":14,\"creationDate\":\"2017-02-06T14:19:29+0000\",\"debt\":\"5min\",\"effort\":\"5min\",\"flows\":[],\"key\":\"AVoTy1Jdl43SayIqyKtv\",\"line\":56,\"message\":\"Remove this logging statement.\",\"project\":\"java-project\",\"rule\":\"javascript:S2228\",\"severity\":\"MINOR\",\"status\":\"OPEN\",\"tags\":[\"owasp-a6\",\"user-experience\"],\"textRange\":{\"endLine\":56,\"endOffset\":14,\"startLine\":56,\"startOffset\":3},\"type\":\"VULNERABILITY\",\"updateDate\":\"2017-02-06T14:19:29+0000\"}],\"p\":1,\"paging\":{\"pageIndex\":1,\"pageSize\":100,\"total\":1},\"ps\":100,\"total\":1}","RunID":"16","Vulnerability":"1"},"_timestamp":1489994025929,"_type":"run"},{"_id":"AVrqmRjPpQSETYJga32P","_index":"sonarqube","_score":1,"_source":{"Bugs":"0","Build Number":"17","Job Name":"SonarQube","Json":"{\"components\":[{\"enabled\":true,\"id\":14,\"key\":\"java-project:src/main/webapp/resources/scripts/weatherwidget.js\",\"longName\":\"src/main/webapp/resources/scripts/weatherwidget.js\",\"name\":\"weatherwidget.js\",\"path\":\"src/main/webapp/resources/scripts/weatherwidget.js\",\"projectId\":1,\"qualifier\":\"FIL\",\"subProjectId\":1,\"uuid\":\"AVoTy07tl43SayIqyKtk\"},{\"enabled\":true,\"id\":1,\"key\":\"java-project\",\"longName\":\"Taxi\",\"name\":\"Taxi\",\"qualifier\":\"TRK\",\"uuid\":\"AVoTlMAYiQGGbcTNdEmr\"}],\"issues\":[{\"author\":\"\",\"comments\":[],\"component\":\"java-project:src/main/webapp/resources/scripts/weatherwidget.js\",\"componentId\":14,\"creationDate\":\"2017-02-06T14:19:29+0000\",\"debt\":\"5min\",\"effort\":\"5min\",\"flows\":[],\"key\":\"AVoTy1Jdl43SayIqyKtv\",\"line\":56,\"message\":\"Remove this logging statement.\",\"project\":\"java-project\",\"rule\":\"javascript:S2228\",\"severity\":\"MINOR\",\"status\":\"OPEN\",\"tags\":[\"owasp-a6\",\"user-experience\"],\"textRange\":{\"endLine\":56,\"endOffset\":14,\"startLine\":56,\"startOffset\":3},\"type\":\"VULNERABILITY\",\"updateDate\":\"2017-02-06T14:19:29+0000\"}],\"p\":1,\"paging\":{\"pageIndex\":1,\"pageSize\":100,\"total\":1},\"ps\":100,\"total\":1}","RunID":"17","Vulnerability":"1"},"_timestamp":1489994586319,"_type":"run"},{"_id":"AVrvKTyEpQSETYJga33Q","_index":"sonarqube","_score":1,"_source":{"Bugs":"0","Build Number":"19","Job Name":"SonarQube","Json":"{\"components\":[{\"enabled\":true,\"id\":14,\"key\":\"java-project:src/main/webapp/resources/scripts/weatherwidget.js\",\"longName\":\"src/main/webapp/resources/scripts/weatherwidget.js\",\"name\":\"weatherwidget.js\",\"path\":\"src/main/webapp/resources/scripts/weatherwidget.js\",\"projectId\":1,\"qualifier\":\"FIL\",\"subProjectId\":1,\"uuid\":\"AVoTy07tl43SayIqyKtk\"},{\"enabled\":true,\"id\":1,\"key\":\"java-project\",\"longName\":\"Taxi\",\"name\":\"Taxi\",\"qualifier\":\"TRK\",\"uuid\":\"AVoTlMAYiQGGbcTNdEmr\"}],\"issues\":[{\"author\":\"\",\"comments\":[],\"component\":\"java-project:src/main/webapp/resources/scripts/weatherwidget.js\",\"componentId\":14,\"creationDate\":\"2017-02-06T14:19:29+0000\",\"debt\":\"5min\",\"effort\":\"5min\",\"flows\":[],\"key\":\"AVoTy1Jdl43SayIqyKtv\",\"line\":56,\"message\":\"Remove this logging statement.\",\"project\":\"java-project\",\"rule\":\"javascript:S2228\",\"severity\":\"MINOR\",\"status\":\"OPEN\",\"tags\":[\"owasp-a6\",\"user-experience\"],\"textRange\":{\"endLine\":56,\"endOffset\":14,\"startLine\":56,\"startOffset\":3},\"type\":\"VULNERABILITY\",\"updateDate\":\"2017-02-06T14:19:29+0000\"}],\"p\":1,\"paging\":{\"pageIndex\":1,\"pageSize\":100,\"total\":1},\"ps\":100,\"total\":1}","RunID":"19","Vulnerability":"1"},"_timestamp":1490071141508,"_type":"run"},{"_id":"AVrxwQG1eAAlKmH98W1P","_index":"sonarqube","_score":1,"_source":{"Bugs":"0","Build Number":"21","Job Name":"SonarQube","Json":"{\"components\":[{\"enabled\":true,\"id\":14,\"key\":\"java-project:src/main/webapp/resources/scripts/weatherwidget.js\",\"longName\":\"src/main/webapp/resources/scripts/weatherwidget.js\",\"name\":\"weatherwidget.js\",\"path\":\"src/main/webapp/resources/scripts/weatherwidget.js\",\"projectId\":1,\"qualifier\":\"FIL\",\"subProjectId\":1,\"uuid\":\"AVoTy07tl43SayIqyKtk\"},{\"enabled\":true,\"id\":1,\"key\":\"java-project\",\"longName\":\"Taxi\",\"name\":\"Taxi\",\"qualifier\":\"TRK\",\"uuid\":\"AVoTlMAYiQGGbcTNdEmr\"}],\"issues\":[{\"author\":\"\",\"comments\":[],\"component\":\"java-project:src/main/webapp/resources/scripts/weatherwidget.js\",\"componentId\":14,\"creationDate\":\"2017-02-06T14:19:29+0000\",\"debt\":\"5min\",\"effort\":\"5min\",\"flows\":[],\"key\":\"AVoTy1Jdl43SayIqyKtv\",\"line\":56,\"message\":\"Remove this logging statement.\",\"project\":\"java-project\",\"rule\":\"javascript:S2228\",\"severity\":\"MINOR\",\"status\":\"OPEN\",\"tags\":[\"owasp-a6\",\"user-experience\"],\"textRange\":{\"endLine\":56,\"endOffset\":14,\"startLine\":56,\"startOffset\":3},\"type\":\"VULNERABILITY\",\"updateDate\":\"2017-02-06T14:19:29+0000\"}],\"p\":1,\"paging\":{\"pageIndex\":1,\"pageSize\":100,\"total\":1},\"ps\":100,\"total\":1}","RunID":"21","Vulnerability":"1"},"_timestamp":1490114642357,"_type":"run"},{"_id":"AVsUc4VFQ4zZiFqIr67H","_index":"sonarqube","_score":1,"_source":{"Bugs":"0","Build Number":"23","Job Name":"SonarQube","Json":"{\"components\":[{\"enabled\":true,\"id\":14,\"key\":\"java-project:src/main/webapp/resources/scripts/weatherwidget.js\",\"longName\":\"src/main/webapp/resources/scripts/weatherwidget.js\",\"name\":\"weatherwidget.js\",\"path\":\"src/main/webapp/resources/scripts/weatherwidget.js\",\"projectId\":1,\"qualifier\":\"FIL\",\"subProjectId\":1,\"uuid\":\"AVoTy07tl43SayIqyKtk\"},{\"enabled\":true,\"id\":1,\"key\":\"java-project\",\"longName\":\"Taxi\",\"name\":\"Taxi\",\"qualifier\":\"TRK\",\"uuid\":\"AVoTlMAYiQGGbcTNdEmr\"}],\"issues\":[{\"author\":\"\",\"comments\":[],\"component\":\"java-project:src/main/webapp/resources/scripts/weatherwidget.js\",\"componentId\":14,\"creationDate\":\"2017-02-06T14:19:29+0000\",\"debt\":\"5min\",\"effort\":\"5min\",\"flows\":[],\"key\":\"AVoTy1Jdl43SayIqyKtv\",\"line\":56,\"message\":\"Remove this logging statement.\",\"project\":\"java-project\",\"rule\":\"javascript:S2228\",\"severity\":\"MINOR\",\"status\":\"OPEN\",\"tags\":[\"owasp-a6\",\"user-experience\"],\"textRange\":{\"endLine\":56,\"endOffset\":14,\"startLine\":56,\"startOffset\":3},\"type\":\"VULNERABILITY\",\"updateDate\":\"2017-02-06T14:19:29+0000\"}],\"p\":1,\"paging\":{\"pageIndex\":1,\"pageSize\":100,\"total\":1},\"ps\":100,\"total\":1}","RunID":"23","Vulnerability":"1"},"_timestamp":1490696766789,"_type":"run"},{"_id":"AVsYAWN4Q4zZiFqIr67t","_index":"sonarqube","_score":1,"_source":{"Bugs":"0","Build Number":"24","Job Name":"SonarQube","Json":"{\"components\":[{\"enabled\":true,\"id\":14,\"key\":\"java-project:src/main/webapp/resources/scripts/weatherwidget.js\",\"longName\":\"src/main/webapp/resources/scripts/weatherwidget.js\",\"name\":\"weatherwidget.js\",\"path\":\"src/main/webapp/resources/scripts/weatherwidget.js\",\"projectId\":1,\"qualifier\":\"FIL\",\"subProjectId\":1,\"uuid\":\"AVoTy07tl43SayIqyKtk\"},{\"enabled\":true,\"id\":1,\"key\":\"java-project\",\"longName\":\"Taxi\",\"name\":\"Taxi\",\"qualifier\":\"TRK\",\"uuid\":\"AVoTlMAYiQGGbcTNdEmr\"}],\"issues\":[{\"author\":\"\",\"comments\":[],\"component\":\"java-project:src/main/webapp/resources/scripts/weatherwidget.js\",\"componentId\":14,\"creationDate\":\"2017-02-06T14:19:29+0000\",\"debt\":\"5min\",\"effort\":\"5min\",\"flows\":[],\"key\":\"AVoTy1Jdl43SayIqyKtv\",\"line\":56,\"message\":\"Remove this logging statement.\",\"project\":\"java-project\",\"rule\":\"javascript:S2228\",\"severity\":\"MINOR\",\"status\":\"OPEN\",\"tags\":[\"owasp-a6\",\"user-experience\"],\"textRange\":{\"endLine\":56,\"endOffset\":14,\"startLine\":56,\"startOffset\":3},\"type\":\"VULNERABILITY\",\"updateDate\":\"2017-02-06T14:19:29+0000\"}],\"p\":1,\"paging\":{\"pageIndex\":1,\"pageSize\":100,\"total\":1},\"ps\":100,\"total\":1}","RunID":"24","Vulnerability":"1"},"_timestamp":1490756395896,"_type":"run"},{"_id":"AVtX0X-FQ4zZiFqIr68T","_index":"sonarqube","_score":1,"_source":{"Bugs":"0","Build Number":"27","Job Name":"SonarQube","Json":"{\"components\":[{\"enabled\":true,\"id\":14,\"key\":\"java-project:src/main/webapp/resources/scripts/weatherwidget.js\",\"longName\":\"src/main/webapp/resources/scripts/weatherwidget.js\",\"name\":\"weatherwidget.js\",\"path\":\"src/main/webapp/resources/scripts/weatherwidget.js\",\"projectId\":1,\"qualifier\":\"FIL\",\"subProjectId\":1,\"uuid\":\"AVoTy07tl43SayIqyKtk\"},{\"enabled\":true,\"id\":1,\"key\":\"java-project\",\"longName\":\"Taxi\",\"name\":\"Taxi\",\"qualifier\":\"TRK\",\"uuid\":\"AVoTlMAYiQGGbcTNdEmr\"}],\"issues\":[{\"author\":\"\",\"comments\":[],\"component\":\"java-project:src/main/webapp/resources/scripts/weatherwidget.js\",\"componentId\":14,\"creationDate\":\"2017-02-06T14:19:29+0000\",\"debt\":\"5min\",\"effort\":\"5min\",\"flows\":[],\"key\":\"AVoTy1Jdl43SayIqyKtv\",\"line\":56,\"message\":\"Remove this logging statement.\",\"project\":\"java-project\",\"rule\":\"javascript:S2228\",\"severity\":\"MINOR\",\"status\":\"OPEN\",\"tags\":[\"owasp-a6\",\"user-experience\"],\"textRange\":{\"endLine\":56,\"endOffset\":14,\"startLine\":56,\"startOffset\":3},\"type\":\"VULNERABILITY\",\"updateDate\":\"2017-02-06T14:19:29+0000\"}],\"p\":1,\"paging\":{\"pageIndex\":1,\"pageSize\":100,\"total\":1},\"ps\":100,\"total\":1}","RunID":"27","Vulnerability":"1"},"_timestamp":1491826999173,"_type":"run"}],"max_score":1,"total":13},"timed_out":false,"took":1}
