[{"App-Launch":[{"App-Launch":{"NetworkDetails":[{"Status":"COMPLETE","ResponseSize":312,"RequestedPage":"POST \/oauth HTTP\/2.0","STATUS":200,"RequestSize":2671,"ResponseTime":277,"Time":{"requestBegin":"2019-09-25T18:23:45.158+05:30","start":"2019-09-25T18:23:45.154+05:30","responseBegin":"2019-09-25T18:23:45.430+05:30","end":"2019-09-25T18:23:45.431+05:30","requestComplete":"2019-09-25T18:23:45.161+05:30"},"Duration":{"request":3,"total":1170,"response":1,"latency":269,"dns":77,"ssl":535,"connect":285},"Domain":"mapi-dun.dev.cfdev.dunkindonuts.com","Latency":269},{"Status":"COMPLETE","ResponseSize":995,"RequestedPage":"GET \/v1\/native-app\/ios\/initialize HTTP\/2.0","STATUS":403,"RequestSize":211,"ResponseTime":196,"Time":{"requestBegin":"2019-09-25T18:23:45.729+05:30","start":"2019-09-25T18:23:45.727+05:30","responseBegin":"2019-09-25T18:23:45.921+05:30","end":"2019-09-25T18:23:45.923+05:30","requestComplete":"2019-09-25T18:23:45.731+05:30"},"Duration":{"request":2,"total":1199,"response":2,"latency":190,"dns":397,"ssl":399,"connect":209},"Domain":"mapi-dun.uat.cardfree.net","Latency":190},{"Status":"COMPLETE","ResponseSize":453,"RequestedPage":"GET \/giftcards\/7ccbb45c-8061-4699-ae74-de5e075b8067.png_med@2x.png?v=1496768139 HTTP\/2.0","STATUS":403,"RequestSize":197,"ResponseTime":766,"Time":{"requestBegin":"2019-09-25T18:23:46.187+05:30","start":"2019-09-25T18:23:46.186+05:30","responseBegin":"2019-09-25T18:23:46.951+05:30","end":"2019-09-25T18:23:46.952+05:30","requestComplete":"2019-09-25T18:23:46.188+05:30"},"Duration":{"request":1,"total":2445,"response":1,"latency":763,"dns":1061,"ssl":397,"connect":222},"Domain":"dun-assets.dev.cardfree.net","Latency":763},{"Status":"COMPLETE","ResponseSize":301,"RequestedPage":"POST \/pointapi-v1\/ HTTP\/1.1","STATUS":200,"RequestSize":656,"ResponseTime":2975,"Time":{"requestBegin":"2019-09-25T18:23:48.938+05:30","start":"2019-09-25T18:23:46.268+05:30","responseBegin":"2019-09-25T18:23:49.243+05:30","end":"2019-09-25T18:23:49.243+05:30","requestComplete":"2019-09-25T18:23:48.938+05:30"},"Duration":{"request":0,"total":2813,"response":0,"latency":305,"dns":2137,"ssl":243,"connect":128},"Domain":"www.pointapi.bluedot.com.au","Latency":305},{"Status":"COMPLETE","ResponseSize":20048,"RequestedPage":"GET \/app-settings\/v1 HTTP\/2.0","STATUS":200,"RequestSize":2467,"ResponseTime":648,"Time":{"requestBegin":"2019-09-25T18:23:46.437+05:30","start":"2019-09-25T18:23:46.436+05:30","responseBegin":"2019-09-25T18:23:46.813+05:30","end":"2019-09-25T18:23:47.084+05:30","requestComplete":"2019-09-25T18:23:46.439+05:30"},"Duration":{"request":2,"total":1486,"response":271,"latency":374,"dns":2,"ssl":563,"connect":274},"Domain":"mapi-dun.dev.cfdev.dunkindonuts.com","Latency":374},{"Status":"COMPLETE","ResponseSize":288,"RequestedPage":"GET \/engagement\/v1\/offers?localTime=2019-09-25T18:23:44 HTTP\/2.0","STATUS":400,"RequestSize":775,"ResponseTime":290,"Time":{"requestBegin":"2019-09-25T18:23:46.439+05:30","start":"2019-09-25T18:23:46.437+05:30","responseBegin":"2019-09-25T18:23:46.726+05:30","end":"2019-09-25T18:23:46.727+05:30","requestComplete":"2019-09-25T18:23:46.441+05:30"},"Duration":{"request":2,"total":288,"response":1,"latency":285,"dns":null,"ssl":null,"connect":null},"Domain":"mapi-dun.dev.cfdev.dunkindonuts.com","Latency":285},{"Status":"COMPLETE","ResponseSize":288,"RequestedPage":"GET \/engagement\/v1\/offers?localTime=2019-09-25T18:23:44 HTTP\/2.0","STATUS":400,"RequestSize":2445,"ResponseTime":647,"Time":{"requestBegin":"2019-09-25T18:23:46.440+05:30","start":"2019-09-25T18:23:46.437+05:30","responseBegin":"2019-09-25T18:23:47.084+05:30","end":"2019-09-25T18:23:47.084+05:30","requestComplete":"2019-09-25T18:23:46.441+05:30"},"Duration":{"request":1,"total":644,"response":0,"latency":643,"dns":null,"ssl":null,"connect":null},"Domain":"mapi-dun.dev.cfdev.dunkindonuts.com","Latency":643},{"Status":"COMPLETE","ResponseSize":292,"RequestedPage":"GET \/engagement\/v1\/application-messages?localDateTime=2019-09-25T18:23:47 HTTP\/2.0","STATUS":200,"RequestSize":817,"ResponseTime":280,"Time":{"requestBegin":"2019-09-25T18:23:47.195+05:30","start":"2019-09-25T18:23:47.194+05:30","responseBegin":"2019-09-25T18:23:47.474+05:30","end":"2019-09-25T18:23:47.474+05:30","requestComplete":"2019-09-25T18:23:47.196+05:30"},"Duration":{"request":1,"total":279,"response":0,"latency":278,"dns":null,"ssl":null,"connect":null},"Domain":"mapi-dun.dev.cfdev.dunkindonuts.com","Latency":278},{"Status":"COMPLETE","ResponseSize":337,"RequestedPage":"GET \/engagement\/v1\/masthead-application-messages?localDateTime=2019-09-25T18:23:47 HTTP\/2.0","STATUS":400,"RequestSize":2497,"ResponseTime":290,"Time":{"requestBegin":"2019-09-25T18:23:47.204+05:30","start":"2019-09-25T18:23:47.204+05:30","responseBegin":"2019-09-25T18:23:47.494+05:30","end":"2019-09-25T18:23:47.494+05:30","requestComplete":"2019-09-25T18:23:47.205+05:30"},"Duration":{"request":1,"total":290,"response":0,"latency":289,"dns":null,"ssl":null,"connect":null},"Domain":"mapi-dun.dev.cfdev.dunkindonuts.com","Latency":289},{"Status":"COMPLETE","ResponseSize":453,"RequestedPage":"GET \/giftcards\/7ccbb45c-8061-4699-ae74-de5e075b8067.png_med@2x.png?v=1496768139 HTTP\/2.0","STATUS":403,"RequestSize":9,"ResponseTime":365,"Time":{"requestBegin":"2019-09-25T18:23:47.212+05:30","start":"2019-09-25T18:23:47.211+05:30","responseBegin":"2019-09-25T18:23:47.575+05:30","end":"2019-09-25T18:23:47.576+05:30","requestComplete":"2019-09-25T18:23:47.212+05:30"},"Duration":{"request":0,"total":364,"response":1,"latency":363,"dns":null,"ssl":null,"connect":null},"Domain":"dun-assets.dev.cardfree.net","Latency":363}],"Recommendation":[{"ruleHeader":"Validate no. of requests in a page","Message":"Total no. of requests in the page:10.,Consider reducing total no. of resources getting downloaded","Recommendation":"If possible combine multiple js\/css files from same domain to single js\/css. CSS spriting for images also reduces the no. of network calls"},{"ruleHeader":"Leverage Browsing Cache","Message":"Url's without any expiry header:,https:\/\/mapi-dun.dev.cfdev.dunkindonuts.com\/oauth, https:\/\/mapi-dun.uat.cardfree.net\/v1\/native-app\/ios\/initialize, https:\/\/dun-assets.dev.cardfree.net\/giftcards\/7ccbb45c-8061-4699-ae74-de5e075b8067.png_med@2x.png?v=1496768139, https:\/\/www.pointapi.bluedot.com.au\/pointapi-v1\/, https:\/\/mapi-dun.dev.cfdev.dunkindonuts.com\/app-settings\/v1, https:\/\/mapi-dun.dev.cfdev.dunkindonuts.com\/engagement\/v1\/offers?localTime=2019-09-25T18:23:44, https:\/\/mapi-dun.dev.cfdev.dunkindonuts.com\/engagement\/v1\/offers?localTime=2019-09-25T18:23:44, https:\/\/mapi-dun.dev.cfdev.dunkindonuts.com\/engagement\/v1\/application-messages?localDateTime=2019-09-25T18:23:47, https:\/\/mapi-dun.dev.cfdev.dunkindonuts.com\/engagement\/v1\/masthead-application-messages?localDateTime=2019-09-25T18:23:47, https:\/\/dun-assets.dev.cardfree.net\/giftcards\/7ccbb45c-8061-4699-ae74-de5e075b8067.png_med@2x.png?v=1496768139,Url's without cache control header:,https:\/\/mapi-dun.dev.cfdev.dunkindonuts.com\/oauth, https:\/\/mapi-dun.uat.cardfree.net\/v1\/native-app\/ios\/initialize, https:\/\/dun-assets.dev.cardfree.net\/giftcards\/7ccbb45c-8061-4699-ae74-de5e075b8067.png_med@2x.png?v=1496768139, https:\/\/www.pointapi.bluedot.com.au\/pointapi-v1\/, https:\/\/mapi-dun.dev.cfdev.dunkindonuts.com\/app-settings\/v1, https:\/\/mapi-dun.dev.cfdev.dunkindonuts.com\/engagement\/v1\/offers?localTime=2019-09-25T18:23:44, https:\/\/mapi-dun.dev.cfdev.dunkindonuts.com\/engagement\/v1\/offers?localTime=2019-09-25T18:23:44, https:\/\/mapi-dun.dev.cfdev.dunkindonuts.com\/engagement\/v1\/application-messages?localDateTime=2019-09-25T18:23:47, https:\/\/mapi-dun.dev.cfdev.dunkindonuts.com\/engagement\/v1\/masthead-application-messages?localDateTime=2019-09-25T18:23:47, https:\/\/dun-assets.dev.cardfree.net\/giftcards\/7ccbb45c-8061-4699-ae74-de5e075b8067.png_med@2x.png?v=1496768139,","Recommendation":"For having a good caching startegy it is recoomended to have cache control and expires header for all the resources, Also as a best practice it is recommended that no resources to get 304 status"},{"ruleHeader":"Apply Compression Technique","Message":"No compression methodologies has been applied for the below URL's:,https:\/\/mapi-dun.dev.cfdev.dunkindonuts.com\/oauth, https:\/\/mapi-dun.uat.cardfree.net\/v1\/native-app\/ios\/initialize, https:\/\/www.pointapi.bluedot.com.au\/pointapi-v1\/, https:\/\/mapi-dun.dev.cfdev.dunkindonuts.com\/app-settings\/v1, https:\/\/mapi-dun.dev.cfdev.dunkindonuts.com\/engagement\/v1\/offers?localTime=2019-09-25T18:23:44, https:\/\/mapi-dun.dev.cfdev.dunkindonuts.com\/engagement\/v1\/offers?localTime=2019-09-25T18:23:44, https:\/\/mapi-dun.dev.cfdev.dunkindonuts.com\/engagement\/v1\/application-messages?localDateTime=2019-09-25T18:23:47, https:\/\/mapi-dun.dev.cfdev.dunkindonuts.com\/engagement\/v1\/masthead-application-messages?localDateTime=2019-09-25T18:23:47","Recommendation":"It is recommended to apply gzip\/deflate\/br compression techniques to the resources by which we can minimize the amount of data getting transferred"},{"ruleHeader":"Avoid Duplicate calls","Message":"Below duplicate calls were observed:,https:\/\/mapi-dun.dev.cfdev.dunkindonuts.com\/engagement\/v1\/offers?localTime=2019-09-25T18:23:44, https:\/\/dun-assets.dev.cardfree.net\/giftcards\/7ccbb45c-8061-4699-ae74-de5e075b8067.png_med@2x.png?v=1496768139","Recommendation":"Duplicate call needs to be avoided. Remove unnecessary network calls"},{"ruleHeader":"Errorneous Requests","Message":"Below resources have status code 400\/404:,https:\/\/mapi-dun.dev.cfdev.dunkindonuts.com\/engagement\/v1\/offers?localTime=2019-09-25T18:23:44, https:\/\/mapi-dun.dev.cfdev.dunkindonuts.com\/engagement\/v1\/offers?localTime=2019-09-25T18:23:44, https:\/\/mapi-dun.dev.cfdev.dunkindonuts.com\/engagement\/v1\/masthead-application-messages?localDateTime=2019-09-25T18:23:47","Recommendation":"Resolve 400\/404 resources else remove the unwanted calls"},{"ruleHeader":"Avoid Redirects","Message":"none","Recommendation":"none"},{"ruleHeader":"Server time consuming","Message":"Response time for the below individual request is over 500ms:, https:\/\/mapi-dun.dev.cfdev.dunkindonuts.com\/oauth, https:\/\/mapi-dun.uat.cardfree.net\/v1\/native-app\/ios\/initialize, https:\/\/dun-assets.dev.cardfree.net\/giftcards\/7ccbb45c-8061-4699-ae74-de5e075b8067.png_med@2x.png?v=1496768139, https:\/\/www.pointapi.bluedot.com.au\/pointapi-v1\/, https:\/\/mapi-dun.dev.cfdev.dunkindonuts.com\/app-settings\/v1, https:\/\/mapi-dun.dev.cfdev.dunkindonuts.com\/engagement\/v1\/offers?localTime=2019-09-25T18:23:44","Recommendation":"The requests seems to be time consuming from server\/network side. This needs to be profiled"},{"ruleHeader":"Combine CSS and JS","Message":"none","Recommendation":"none"}]}}]},{"DunkinIOS":[{"DunkinIOS_T02_DDCard":{"NetworkDetails":[],"Recommendation":[{"ruleHeader":"Validate no. of requests in a page","Message":"Total no. of requests in the page:0.,No. of requests per page is within the industry standard","Recommendation":"none"},{"ruleHeader":"Leverage Browsing Cache","Message":"none","Recommendation":"none"},{"ruleHeader":"Apply Compression Technique","Message":"none","Recommendation":"none"},{"ruleHeader":"Avoid Duplicate calls","Message":"none","Recommendation":"none"},{"ruleHeader":"Errorneous Requests","Message":"none","Recommendation":"none"},{"ruleHeader":"Avoid Redirects","Message":"none","Recommendation":"none"},{"ruleHeader":"Server time consuming","Message":"none","Recommendation":"none"},{"ruleHeader":"Combine CSS and JS","Message":"none","Recommendation":"none"}]}},{"DunkinIOS_T06_SignLatte":{"NetworkDetails":[],"Recommendation":[{"ruleHeader":"Validate no. of requests in a page","Message":"Total no. of requests in the page:0.,No. of requests per page is within the industry standard","Recommendation":"none"},{"ruleHeader":"Leverage Browsing Cache","Message":"none","Recommendation":"none"},{"ruleHeader":"Apply Compression Technique","Message":"none","Recommendation":"none"},{"ruleHeader":"Avoid Duplicate calls","Message":"none","Recommendation":"none"},{"ruleHeader":"Errorneous Requests","Message":"none","Recommendation":"none"},{"ruleHeader":"Avoid Redirects","Message":"none","Recommendation":"none"},{"ruleHeader":"Server time consuming","Message":"none","Recommendation":"none"},{"ruleHeader":"Combine CSS and JS","Message":"none","Recommendation":"none"}]}},{"DunkinIOS_T03_OrderNow":{"NetworkDetails":[{"Status":"COMPLETE","ResponseSize":303,"RequestedPage":"GET \/account-management\/v1\/users\/me\/stores\/favorite HTTP\/2.0","STATUS":200,"RequestSize":775,"ResponseTime":279,"Time":{"requestBegin":"2019-09-25T18:25:44.354+05:30","start":"2019-09-25T18:25:44.353+05:30","responseBegin":"2019-09-25T18:25:44.631+05:30","end":"2019-09-25T18:25:44.632+05:30","requestComplete":"2019-09-25T18:25:44.355+05:30"},"Duration":{"request":1,"total":278,"response":1,"latency":276,"dns":null,"ssl":null,"connect":null},"Domain":"mapi-dun.dev.cfdev.dunkindonuts.com","Latency":276}],"Recommendation":[{"ruleHeader":"Validate no. of requests in a page","Message":"Total no. of requests in the page:1.,No. of requests per page is within the industry standard","Recommendation":"none"},{"ruleHeader":"Leverage Browsing Cache","Message":"Url's without any expiry header:,https:\/\/mapi-dun.dev.cfdev.dunkindonuts.com\/account-management\/v1\/users\/me\/stores\/favorite,Url's without cache control header:,https:\/\/mapi-dun.dev.cfdev.dunkindonuts.com\/account-management\/v1\/users\/me\/stores\/favorite,","Recommendation":"For having a good caching startegy it is recoomended to have cache control and expires header for all the resources, Also as a best practice it is recommended that no resources to get 304 status"},{"ruleHeader":"Apply Compression Technique","Message":"No compression methodologies has been applied for the below URL's:,https:\/\/mapi-dun.dev.cfdev.dunkindonuts.com\/account-management\/v1\/users\/me\/stores\/favorite","Recommendation":"It is recommended to apply gzip\/deflate\/br compression techniques to the resources by which we can minimize the amount of data getting transferred"},{"ruleHeader":"Avoid Duplicate calls","Message":"none","Recommendation":"none"},{"ruleHeader":"Errorneous Requests","Message":"none","Recommendation":"none"},{"ruleHeader":"Avoid Redirects","Message":"none","Recommendation":"none"},{"ruleHeader":"Server time consuming","Message":"none","Recommendation":"none"},{"ruleHeader":"Combine CSS and JS","Message":"none","Recommendation":"none"}]}},{"DunkinIOS_T05_Walkin":{"NetworkDetails":[{"Status":"COMPLETE","ResponseSize":331,"RequestedPage":"GET \/location\/v1\/stores\/308636\/online-status HTTP\/2.0","STATUS":200,"RequestSize":769,"ResponseTime":361,"Time":{"requestBegin":"2019-09-25T18:26:38.160+05:30","start":"2019-09-25T18:26:38.159+05:30","responseBegin":"2019-09-25T18:26:38.520+05:30","end":"2019-09-25T18:26:38.520+05:30","requestComplete":"2019-09-25T18:26:38.160+05:30"},"Duration":{"request":0,"total":360,"response":0,"latency":360,"dns":null,"ssl":null,"connect":null},"Domain":"mapi-dun.dev.cfdev.dunkindonuts.com","Latency":360},{"Status":"COMPLETE","ResponseSize":109,"RequestedPage":"GET \/account-management\/v1\/users\/me\/orders\/favorite?availability-store-id=308636& HTTP\/2.0","STATUS":404,"RequestSize":2501,"ResponseTime":529,"Time":{"requestBegin":"2019-09-25T18:26:38.593+05:30","start":"2019-09-25T18:26:38.592+05:30","responseBegin":"2019-09-25T18:26:39.121+05:30","end":"2019-09-25T18:26:39.121+05:30","requestComplete":"2019-09-25T18:26:38.594+05:30"},"Duration":{"request":1,"total":528,"response":0,"latency":527,"dns":null,"ssl":null,"connect":null},"Domain":"mapi-dun.dev.cfdev.dunkindonuts.com","Latency":527},{"Status":"COMPLETE","ResponseSize":315,"RequestedPage":"GET \/account-management\/v1\/users\/me\/ordered-items?availability-store-id=308636& HTTP\/2.0","STATUS":200,"RequestSize":803,"ResponseTime":515,"Time":{"requestBegin":"2019-09-25T18:26:38.607+05:30","start":"2019-09-25T18:26:38.606+05:30","responseBegin":"2019-09-25T18:26:39.121+05:30","end":"2019-09-25T18:26:39.121+05:30","requestComplete":"2019-09-25T18:26:38.607+05:30"},"Duration":{"request":0,"total":514,"response":0,"latency":514,"dns":null,"ssl":null,"connect":null},"Domain":"mapi-dun.dev.cfdev.dunkindonuts.com","Latency":514},{"Status":"COMPLETE","ResponseSize":364,"RequestedPage":"GET \/menu-management\/v1\/menus\/308636\/version HTTP\/2.0","STATUS":200,"RequestSize":2476,"ResponseTime":490,"Time":{"requestBegin":"2019-09-25T18:26:38.632+05:30","start":"2019-09-25T18:26:38.631+05:30","responseBegin":"2019-09-25T18:26:39.120+05:30","end":"2019-09-25T18:26:39.121+05:30","requestComplete":"2019-09-25T18:26:38.633+05:30"},"Duration":{"request":1,"total":489,"response":1,"latency":487,"dns":null,"ssl":null,"connect":null},"Domain":"mapi-dun.dev.cfdev.dunkindonuts.com","Latency":487},{"Status":"COMPLETE","ResponseSize":50031,"RequestedPage":"GET \/menu-management\/v1\/menus\/308636?version=637050129987317490& HTTP\/2.0","STATUS":200,"RequestSize":787,"ResponseTime":1382,"Time":{"requestBegin":"2019-09-25T18:26:39.243+05:30","start":"2019-09-25T18:26:39.243+05:30","responseBegin":"2019-09-25T18:26:40.010+05:30","end":"2019-09-25T18:26:40.625+05:30","requestComplete":"2019-09-25T18:26:39.244+05:30"},"Duration":{"request":1,"total":1382,"response":615,"latency":766,"dns":null,"ssl":null,"connect":null},"Domain":"mapi-dun.dev.cfdev.dunkindonuts.com","Latency":766}],"Recommendation":[{"ruleHeader":"Validate no. of requests in a page","Message":"Total no. of requests in the page:5.,No. of requests per page is within the industry standard","Recommendation":"none"},{"ruleHeader":"Leverage Browsing Cache","Message":"Url's without any expiry header:,https:\/\/mapi-dun.dev.cfdev.dunkindonuts.com\/location\/v1\/stores\/308636\/online-status, https:\/\/mapi-dun.dev.cfdev.dunkindonuts.com\/account-management\/v1\/users\/me\/orders\/favorite?availability-store-id=308636&, https:\/\/mapi-dun.dev.cfdev.dunkindonuts.com\/account-management\/v1\/users\/me\/ordered-items?availability-store-id=308636&, https:\/\/mapi-dun.dev.cfdev.dunkindonuts.com\/menu-management\/v1\/menus\/308636\/version, https:\/\/mapi-dun.dev.cfdev.dunkindonuts.com\/menu-management\/v1\/menus\/308636?version=637050129987317490&,Url's without cache control header:,https:\/\/mapi-dun.dev.cfdev.dunkindonuts.com\/location\/v1\/stores\/308636\/online-status, https:\/\/mapi-dun.dev.cfdev.dunkindonuts.com\/account-management\/v1\/users\/me\/orders\/favorite?availability-store-id=308636&, https:\/\/mapi-dun.dev.cfdev.dunkindonuts.com\/account-management\/v1\/users\/me\/ordered-items?availability-store-id=308636&, https:\/\/mapi-dun.dev.cfdev.dunkindonuts.com\/menu-management\/v1\/menus\/308636\/version, https:\/\/mapi-dun.dev.cfdev.dunkindonuts.com\/menu-management\/v1\/menus\/308636?version=637050129987317490&,","Recommendation":"For having a good caching startegy it is recoomended to have cache control and expires header for all the resources, Also as a best practice it is recommended that no resources to get 304 status"},{"ruleHeader":"Apply Compression Technique","Message":"No compression methodologies has been applied for the below URL's:,https:\/\/mapi-dun.dev.cfdev.dunkindonuts.com\/location\/v1\/stores\/308636\/online-status, https:\/\/mapi-dun.dev.cfdev.dunkindonuts.com\/account-management\/v1\/users\/me\/orders\/favorite?availability-store-id=308636&, https:\/\/mapi-dun.dev.cfdev.dunkindonuts.com\/account-management\/v1\/users\/me\/ordered-items?availability-store-id=308636&, https:\/\/mapi-dun.dev.cfdev.dunkindonuts.com\/menu-management\/v1\/menus\/308636\/version, https:\/\/mapi-dun.dev.cfdev.dunkindonuts.com\/menu-management\/v1\/menus\/308636?version=637050129987317490&","Recommendation":"It is recommended to apply gzip\/deflate\/br compression techniques to the resources by which we can minimize the amount of data getting transferred"},{"ruleHeader":"Avoid Duplicate calls","Message":"none","Recommendation":"none"},{"ruleHeader":"Errorneous Requests","Message":"Below resources have status code 400\/404:,https:\/\/mapi-dun.dev.cfdev.dunkindonuts.com\/account-management\/v1\/users\/me\/orders\/favorite?availability-store-id=308636&","Recommendation":"Resolve 400\/404 resources else remove the unwanted calls"},{"ruleHeader":"Avoid Redirects","Message":"none","Recommendation":"none"},{"ruleHeader":"Server time consuming","Message":"Response time for the below individual request is over 500ms:, https:\/\/mapi-dun.dev.cfdev.dunkindonuts.com\/account-management\/v1\/users\/me\/orders\/favorite?availability-store-id=308636&, https:\/\/mapi-dun.dev.cfdev.dunkindonuts.com\/account-management\/v1\/users\/me\/ordered-items?availability-store-id=308636&, https:\/\/mapi-dun.dev.cfdev.dunkindonuts.com\/menu-management\/v1\/menus\/308636?version=637050129987317490&","Recommendation":"The requests seems to be time consuming from server\/network side. This needs to be profiled"},{"ruleHeader":"Combine CSS and JS","Message":"none","Recommendation":"none"}]}},{"DunkinIOS_T04_LocationSearch":{"NetworkDetails":[{"Status":"COMPLETE","ResponseSize":5001,"RequestedPage":"GET \/location\/v1\/stores?currentPage=1&latitude=42.1284833&longitude=-71.0486305&distance=50&pageSize=10& HTTP\/2.0","STATUS":200,"RequestSize":2523,"ResponseTime":363,"Time":{"requestBegin":"2019-09-25T18:26:13.759+05:30","start":"2019-09-25T18:26:13.759+05:30","responseBegin":"2019-09-25T18:26:14.121+05:30","end":"2019-09-25T18:26:14.122+05:30","requestComplete":"2019-09-25T18:26:13.760+05:30"},"Duration":{"request":1,"total":363,"response":1,"latency":361,"dns":null,"ssl":null,"connect":null},"Domain":"mapi-dun.dev.cfdev.dunkindonuts.com","Latency":361}],"Recommendation":[{"ruleHeader":"Validate no. of requests in a page","Message":"Total no. of requests in the page:1.,No. of requests per page is within the industry standard","Recommendation":"none"},{"ruleHeader":"Leverage Browsing Cache","Message":"Url's without any expiry header:,https:\/\/mapi-dun.dev.cfdev.dunkindonuts.com\/location\/v1\/stores?currentPage=1&latitude=42.1284833&longitude=-71.0486305&distance=50&pageSize=10&,Url's without cache control header:,https:\/\/mapi-dun.dev.cfdev.dunkindonuts.com\/location\/v1\/stores?currentPage=1&latitude=42.1284833&longitude=-71.0486305&distance=50&pageSize=10&,","Recommendation":"For having a good caching startegy it is recoomended to have cache control and expires header for all the resources, Also as a best practice it is recommended that no resources to get 304 status"},{"ruleHeader":"Apply Compression Technique","Message":"No compression methodologies has been applied for the below URL's:,https:\/\/mapi-dun.dev.cfdev.dunkindonuts.com\/location\/v1\/stores?currentPage=1&latitude=42.1284833&longitude=-71.0486305&distance=50&pageSize=10&","Recommendation":"It is recommended to apply gzip\/deflate\/br compression techniques to the resources by which we can minimize the amount of data getting transferred"},{"ruleHeader":"Avoid Duplicate calls","Message":"none","Recommendation":"none"},{"ruleHeader":"Errorneous Requests","Message":"none","Recommendation":"none"},{"ruleHeader":"Avoid Redirects","Message":"none","Recommendation":"none"},{"ruleHeader":"Server time consuming","Message":"none","Recommendation":"none"},{"ruleHeader":"Combine CSS and JS","Message":"none","Recommendation":"none"}]}},{"DunkinIOS_T01_SignIn":{"NetworkDetails":[{"Status":"COMPLETE","ResponseSize":450,"RequestedPage":"POST \/oauth HTTP\/2.0","STATUS":200,"RequestSize":991,"ResponseTime":1134,"Time":{"requestBegin":"2019-09-25T18:24:34.964+05:30","start":"2019-09-25T18:24:34.963+05:30","responseBegin":"2019-09-25T18:24:36.097+05:30","end":"2019-09-25T18:24:36.097+05:30","requestComplete":"2019-09-25T18:24:34.965+05:30"},"Duration":{"request":1,"total":1133,"response":0,"latency":1132,"dns":null,"ssl":null,"connect":null},"Domain":"mapi-dun.dev.cfdev.dunkindonuts.com","Latency":1132},{"Status":"COMPLETE","ResponseSize":422,"RequestedPage":"POST \/oauth HTTP\/2.0","STATUS":200,"RequestSize":2713,"ResponseTime":421,"Time":{"requestBegin":"2019-09-25T18:24:36.267+05:30","start":"2019-09-25T18:24:36.266+05:30","responseBegin":"2019-09-25T18:24:36.687+05:30","end":"2019-09-25T18:24:36.687+05:30","requestComplete":"2019-09-25T18:24:36.267+05:30"},"Duration":{"request":0,"total":420,"response":0,"latency":420,"dns":null,"ssl":null,"connect":null},"Domain":"mapi-dun.dev.cfdev.dunkindonuts.com","Latency":420},{"Status":"COMPLETE","ResponseSize":2287,"RequestedPage":"GET \/account-management\/v1\/users\/me HTTP\/2.0","STATUS":200,"RequestSize":768,"ResponseTime":421,"Time":{"requestBegin":"2019-09-25T18:24:36.760+05:30","start":"2019-09-25T18:24:36.759+05:30","responseBegin":"2019-09-25T18:24:37.180+05:30","end":"2019-09-25T18:24:37.180+05:30","requestComplete":"2019-09-25T18:24:36.761+05:30"},"Duration":{"request":1,"total":420,"response":0,"latency":419,"dns":null,"ssl":null,"connect":null},"Domain":"mapi-dun.dev.cfdev.dunkindonuts.com","Latency":419},{"Status":"COMPLETE","ResponseSize":392,"RequestedPage":"GET \/account-management\/v1\/users\/me\/userloyalty\/0 HTTP\/2.0","STATUS":200,"RequestSize":2482,"ResponseTime":533,"Time":{"requestBegin":"2019-09-25T18:24:37.289+05:30","start":"2019-09-25T18:24:37.288+05:30","responseBegin":"2019-09-25T18:24:37.820+05:30","end":"2019-09-25T18:24:37.821+05:30","requestComplete":"2019-09-25T18:24:37.290+05:30"},"Duration":{"request":1,"total":532,"response":1,"latency":530,"dns":null,"ssl":null,"connect":null},"Domain":"mapi-dun.dev.cfdev.dunkindonuts.com","Latency":530},{"Status":"COMPLETE","ResponseSize":9849,"RequestedPage":"GET \/account-management\/v1\/users\/me\/offers?includeOffers=true&includeRewards=true&includeAutomatedRewards=false&includeMobileCoupons=true&localTime=2019-09-25T18:24:37 HTTP\/2.0","STATUS":200,"RequestSize":865,"ResponseTime":565,"Time":{"requestBegin":"2019-09-25T18:24:37.306+05:30","start":"2019-09-25T18:24:37.305+05:30","responseBegin":"2019-09-25T18:24:37.865+05:30","end":"2019-09-25T18:24:37.870+05:30","requestComplete":"2019-09-25T18:24:37.306+05:30"},"Duration":{"request":0,"total":564,"response":5,"latency":559,"dns":null,"ssl":null,"connect":null},"Domain":"mapi-dun.dev.cfdev.dunkindonuts.com","Latency":559},{"Status":"COMPLETE","ResponseSize":315,"RequestedPage":"GET \/account-management\/v1\/users\/me\/orders?availability-store-id=308636&limit=10& HTTP\/2.0","STATUS":200,"RequestSize":2499,"ResponseTime":334,"Time":{"requestBegin":"2019-09-25T18:24:37.335+05:30","start":"2019-09-25T18:24:37.335+05:30","responseBegin":"2019-09-25T18:24:37.668+05:30","end":"2019-09-25T18:24:37.669+05:30","requestComplete":"2019-09-25T18:24:37.336+05:30"},"Duration":{"request":1,"total":334,"response":1,"latency":332,"dns":null,"ssl":null,"connect":null},"Domain":"mapi-dun.dev.cfdev.dunkindonuts.com","Latency":332},{"Status":"COMPLETE","ResponseSize":109,"RequestedPage":"GET \/account-management\/v1\/users\/me\/orders\/favorite?availability-store-id=308636& HTTP\/2.0","STATUS":404,"RequestSize":799,"ResponseTime":327,"Time":{"requestBegin":"2019-09-25T18:24:37.343+05:30","start":"2019-09-25T18:24:37.342+05:30","responseBegin":"2019-09-25T18:24:37.668+05:30","end":"2019-09-25T18:24:37.669+05:30","requestComplete":"2019-09-25T18:24:37.343+05:30"},"Duration":{"request":0,"total":326,"response":1,"latency":325,"dns":null,"ssl":null,"connect":null},"Domain":"mapi-dun.dev.cfdev.dunkindonuts.com","Latency":325},{"Status":"COMPLETE","ResponseSize":315,"RequestedPage":"GET \/account-management\/v1\/users\/me\/ordered-items?availability-store-id=308636& HTTP\/2.0","STATUS":200,"RequestSize":2506,"ResponseTime":315,"Time":{"requestBegin":"2019-09-25T18:24:37.355+05:30","start":"2019-09-25T18:24:37.354+05:30","responseBegin":"2019-09-25T18:24:37.668+05:30","end":"2019-09-25T18:24:37.669+05:30","requestComplete":"2019-09-25T18:24:37.355+05:30"},"Duration":{"request":0,"total":314,"response":1,"latency":313,"dns":null,"ssl":null,"connect":null},"Domain":"mapi-dun.dev.cfdev.dunkindonuts.com","Latency":313},{"Status":"COMPLETE","ResponseSize":109,"RequestedPage":"GET \/account-management\/v1\/users\/me\/frequent-ordered-items?availability-store-id=308636& HTTP\/2.0","STATUS":404,"RequestSize":804,"ResponseTime":322,"Time":{"requestBegin":"2019-09-25T18:24:37.359+05:30","start":"2019-09-25T18:24:37.359+05:30","responseBegin":"2019-09-25T18:24:37.680+05:30","end":"2019-09-25T18:24:37.681+05:30","requestComplete":"2019-09-25T18:24:37.360+05:30"},"Duration":{"request":1,"total":322,"response":1,"latency":320,"dns":null,"ssl":null,"connect":null},"Domain":"mapi-dun.dev.cfdev.dunkindonuts.com","Latency":320},{"Status":"COMPLETE","ResponseSize":1376,"RequestedPage":"GET \/account-management\/v1\/users\/me\/orders\/favorite\/options HTTP\/2.0","STATUS":200,"RequestSize":2482,"ResponseTime":312,"Time":{"requestBegin":"2019-09-25T18:24:37.369+05:30","start":"2019-09-25T18:24:37.369+05:30","responseBegin":"2019-09-25T18:24:37.680+05:30","end":"2019-09-25T18:24:37.681+05:30","requestComplete":"2019-09-25T18:24:37.370+05:30"},"Duration":{"request":1,"total":312,"response":1,"latency":310,"dns":null,"ssl":null,"connect":null},"Domain":"mapi-dun.dev.cfdev.dunkindonuts.com","Latency":310},{"Status":"COMPLETE","ResponseSize":8022,"RequestedPage":"GET \/account-management\/v1\/users\/me\/orders\/favorite\/options\/background HTTP\/2.0","STATUS":200,"RequestSize":790,"ResponseTime":559,"Time":{"requestBegin":"2019-09-25T18:24:37.376+05:30","start":"2019-09-25T18:24:37.375+05:30","responseBegin":"2019-09-25T18:24:37.876+05:30","end":"2019-09-25T18:24:37.934+05:30","requestComplete":"2019-09-25T18:24:37.377+05:30"},"Duration":{"request":1,"total":558,"response":58,"latency":499,"dns":null,"ssl":null,"connect":null},"Domain":"mapi-dun.dev.cfdev.dunkindonuts.com","Latency":499},{"Status":"COMPLETE","ResponseSize":3382,"RequestedPage":"GET \/account-management\/v1\/users\/me\/orders\/favorite\/options\/icon HTTP\/2.0","STATUS":200,"RequestSize":2489,"ResponseTime":466,"Time":{"requestBegin":"2019-09-25T18:24:37.385+05:30","start":"2019-09-25T18:24:37.385+05:30","responseBegin":"2019-09-25T18:24:37.851+05:30","end":"2019-09-25T18:24:37.851+05:30","requestComplete":"2019-09-25T18:24:37.386+05:30"},"Duration":{"request":1,"total":466,"response":0,"latency":465,"dns":null,"ssl":null,"connect":null},"Domain":"mapi-dun.dev.cfdev.dunkindonuts.com","Latency":465},{"Status":"COMPLETE","ResponseSize":2142,"RequestedPage":"GET \/account-management\/v1\/users\/me\/orders\/favorite\/options\/carousel HTTP\/2.0","STATUS":200,"RequestSize":785,"ResponseTime":544,"Time":{"requestBegin":"2019-09-25T18:24:37.393+05:30","start":"2019-09-25T18:24:37.391+05:30","responseBegin":"2019-09-25T18:24:37.934+05:30","end":"2019-09-25T18:24:37.935+05:30","requestComplete":"2019-09-25T18:24:37.393+05:30"},"Duration":{"request":0,"total":542,"response":1,"latency":541,"dns":null,"ssl":null,"connect":null},"Domain":"mapi-dun.dev.cfdev.dunkindonuts.com","Latency":541},{"Status":"COMPLETE","ResponseSize":314,"RequestedPage":"GET \/account-management\/v1\/users\/me\/orders?availability-store-id=308636&limit=10& HTTP\/2.0","STATUS":200,"RequestSize":2505,"ResponseTime":478,"Time":{"requestBegin":"2019-09-25T18:24:37.458+05:30","start":"2019-09-25T18:24:37.457+05:30","responseBegin":"2019-09-25T18:24:37.934+05:30","end":"2019-09-25T18:24:37.935+05:30","requestComplete":"2019-09-25T18:24:37.458+05:30"},"Duration":{"request":0,"total":477,"response":1,"latency":476,"dns":null,"ssl":null,"connect":null},"Domain":"mapi-dun.dev.cfdev.dunkindonuts.com","Latency":476},{"Status":"COMPLETE","ResponseSize":109,"RequestedPage":"GET \/account-management\/v1\/users\/me\/orders\/favorite?availability-store-id=308636& HTTP\/2.0","STATUS":404,"RequestSize":798,"ResponseTime":462,"Time":{"requestBegin":"2019-09-25T18:24:37.474+05:30","start":"2019-09-25T18:24:37.473+05:30","responseBegin":"2019-09-25T18:24:37.934+05:30","end":"2019-09-25T18:24:37.935+05:30","requestComplete":"2019-09-25T18:24:37.474+05:30"},"Duration":{"request":0,"total":461,"response":1,"latency":460,"dns":null,"ssl":null,"connect":null},"Domain":"mapi-dun.dev.cfdev.dunkindonuts.com","Latency":460},{"Status":"COMPLETE","ResponseSize":9849,"RequestedPage":"GET \/account-management\/v1\/users\/me\/offers?includeOffers=true&includeRewards=true&includeAutomatedRewards=false&includeMobileCoupons=true&localTime=2019-09-25T18:24:37 HTTP\/2.0","STATUS":200,"RequestSize":2568,"ResponseTime":637,"Time":{"requestBegin":"2019-09-25T18:24:37.480+05:30","start":"2019-09-25T18:24:37.479+05:30","responseBegin":"2019-09-25T18:24:38.069+05:30","end":"2019-09-25T18:24:38.116+05:30","requestComplete":"2019-09-25T18:24:37.481+05:30"},"Duration":{"request":1,"total":636,"response":47,"latency":588,"dns":null,"ssl":null,"connect":null},"Domain":"mapi-dun.dev.cfdev.dunkindonuts.com","Latency":588},{"Status":"COMPLETE","ResponseSize":392,"RequestedPage":"GET \/account-management\/v1\/users\/me\/userloyalty\/0 HTTP\/2.0","STATUS":200,"RequestSize":775,"ResponseTime":541,"Time":{"requestBegin":"2019-09-25T18:24:37.489+05:30","start":"2019-09-25T18:24:37.488+05:30","responseBegin":"2019-09-25T18:24:38.029+05:30","end":"2019-09-25T18:24:38.029+05:30","requestComplete":"2019-09-25T18:24:37.489+05:30"},"Duration":{"request":0,"total":540,"response":0,"latency":540,"dns":null,"ssl":null,"connect":null},"Domain":"mapi-dun.dev.cfdev.dunkindonuts.com","Latency":540},{"Status":"COMPLETE","ResponseSize":109,"RequestedPage":"DELETE \/account-management\/v1\/users\/me\/order-offers HTTP\/2.0","STATUS":200,"RequestSize":2488,"ResponseTime":434,"Time":{"requestBegin":"2019-09-25T18:24:37.502+05:30","start":"2019-09-25T18:24:37.501+05:30","responseBegin":"2019-09-25T18:24:37.935+05:30","end":"2019-09-25T18:24:37.935+05:30","requestComplete":"2019-09-25T18:24:37.503+05:30"},"Duration":{"request":1,"total":433,"response":0,"latency":432,"dns":null,"ssl":null,"connect":null},"Domain":"mapi-dun.dev.cfdev.dunkindonuts.com","Latency":432},{"Status":"COMPLETE","ResponseSize":452,"RequestedPage":"GET \/giftcards\/7ccbb45c-8061-4699-ae74-de5e075b8067.png_med@2x.png?v=1496768139 HTTP\/2.0","STATUS":403,"RequestSize":9,"ResponseTime":759,"Time":{"requestBegin":"2019-09-25T18:24:37.562+05:30","start":"2019-09-25T18:24:37.561+05:30","responseBegin":"2019-09-25T18:24:38.319+05:30","end":"2019-09-25T18:24:38.320+05:30","requestComplete":"2019-09-25T18:24:37.563+05:30"},"Duration":{"request":1,"total":758,"response":1,"latency":756,"dns":null,"ssl":null,"connect":null},"Domain":"dun-assets.dev.cardfree.net","Latency":756}],"Recommendation":[{"ruleHeader":"Validate no. of requests in a page","Message":"Total no. of requests in the page:19.,Consider reducing total no. of resources getting downloaded","Recommendation":"If possible combine multiple js\/css files from same domain to single js\/css. CSS spriting for images also reduces the no. of network calls"},{"ruleHeader":"Leverage Browsing Cache","Message":"Url's without any expiry header:,https:\/\/mapi-dun.dev.cfdev.dunkindonuts.com\/oauth, https:\/\/mapi-dun.dev.cfdev.dunkindonuts.com\/oauth, https:\/\/mapi-dun.dev.cfdev.dunkindonuts.com\/account-management\/v1\/users\/me, https:\/\/mapi-dun.dev.cfdev.dunkindonuts.com\/account-management\/v1\/users\/me\/userloyalty\/0, https:\/\/mapi-dun.dev.cfdev.dunkindonuts.com\/account-management\/v1\/users\/me\/offers?includeOffers=true&includeRewards=true&includeAutomatedRewards=false&includeMobileCoupons=true&localTime=2019-09-25T18:24:37, https:\/\/mapi-dun.dev.cfdev.dunkindonuts.com\/account-management\/v1\/users\/me\/orders?availability-store-id=308636&limit=10&, https:\/\/mapi-dun.dev.cfdev.dunkindonuts.com\/account-management\/v1\/users\/me\/orders\/favorite?availability-store-id=308636&, https:\/\/mapi-dun.dev.cfdev.dunkindonuts.com\/account-management\/v1\/users\/me\/ordered-items?availability-store-id=308636&, https:\/\/mapi-dun.dev.cfdev.dunkindonuts.com\/account-management\/v1\/users\/me\/frequent-ordered-items?availability-store-id=308636&, https:\/\/mapi-dun.dev.cfdev.dunkindonuts.com\/account-management\/v1\/users\/me\/orders\/favorite\/options, https:\/\/mapi-dun.dev.cfdev.dunkindonuts.com\/account-management\/v1\/users\/me\/orders\/favorite\/options\/background, https:\/\/mapi-dun.dev.cfdev.dunkindonuts.com\/account-management\/v1\/users\/me\/orders\/favorite\/options\/icon, https:\/\/mapi-dun.dev.cfdev.dunkindonuts.com\/account-management\/v1\/users\/me\/orders\/favorite\/options\/carousel, https:\/\/mapi-dun.dev.cfdev.dunkindonuts.com\/account-management\/v1\/users\/me\/orders?availability-store-id=308636&limit=10&, https:\/\/mapi-dun.dev.cfdev.dunkindonuts.com\/account-management\/v1\/users\/me\/orders\/favorite?availability-store-id=308636&, https:\/\/mapi-dun.dev.cfdev.dunkindonuts.com\/account-management\/v1\/users\/me\/offers?includeOffers=true&includeRewards=true&includeAutomatedRewards=false&includeMobileCoupons=true&localTime=2019-09-25T18:24:37, https:\/\/mapi-dun.dev.cfdev.dunkindonuts.com\/account-management\/v1\/users\/me\/userloyalty\/0, https:\/\/mapi-dun.dev.cfdev.dunkindonuts.com\/account-management\/v1\/users\/me\/order-offers, https:\/\/dun-assets.dev.cardfree.net\/giftcards\/7ccbb45c-8061-4699-ae74-de5e075b8067.png_med@2x.png?v=1496768139,Url's without cache control header:,https:\/\/mapi-dun.dev.cfdev.dunkindonuts.com\/oauth, https:\/\/mapi-dun.dev.cfdev.dunkindonuts.com\/oauth, https:\/\/mapi-dun.dev.cfdev.dunkindonuts.com\/account-management\/v1\/users\/me, https:\/\/mapi-dun.dev.cfdev.dunkindonuts.com\/account-management\/v1\/users\/me\/userloyalty\/0, https:\/\/mapi-dun.dev.cfdev.dunkindonuts.com\/account-management\/v1\/users\/me\/offers?includeOffers=true&includeRewards=true&includeAutomatedRewards=false&includeMobileCoupons=true&localTime=2019-09-25T18:24:37, https:\/\/mapi-dun.dev.cfdev.dunkindonuts.com\/account-management\/v1\/users\/me\/orders?availability-store-id=308636&limit=10&, https:\/\/mapi-dun.dev.cfdev.dunkindonuts.com\/account-management\/v1\/users\/me\/orders\/favorite?availability-store-id=308636&, https:\/\/mapi-dun.dev.cfdev.dunkindonuts.com\/account-management\/v1\/users\/me\/ordered-items?availability-store-id=308636&, https:\/\/mapi-dun.dev.cfdev.dunkindonuts.com\/account-management\/v1\/users\/me\/frequent-ordered-items?availability-store-id=308636&, https:\/\/mapi-dun.dev.cfdev.dunkindonuts.com\/account-management\/v1\/users\/me\/orders\/favorite\/options, https:\/\/mapi-dun.dev.cfdev.dunkindonuts.com\/account-management\/v1\/users\/me\/orders\/favorite\/options\/background, https:\/\/mapi-dun.dev.cfdev.dunkindonuts.com\/account-management\/v1\/users\/me\/orders\/favorite\/options\/icon, https:\/\/mapi-dun.dev.cfdev.dunkindonuts.com\/account-management\/v1\/users\/me\/orders\/favorite\/options\/carousel, https:\/\/mapi-dun.dev.cfdev.dunkindonuts.com\/account-management\/v1\/users\/me\/orders?availability-store-id=308636&limit=10&, https:\/\/mapi-dun.dev.cfdev.dunkindonuts.com\/account-management\/v1\/users\/me\/orders\/favorite?availability-store-id=308636&, https:\/\/mapi-dun.dev.cfdev.dunkindonuts.com\/account-management\/v1\/users\/me\/offers?includeOffers=true&includeRewards=true&includeAutomatedRewards=false&includeMobileCoupons=true&localTime=2019-09-25T18:24:37, https:\/\/mapi-dun.dev.cfdev.dunkindonuts.com\/account-management\/v1\/users\/me\/userloyalty\/0, https:\/\/mapi-dun.dev.cfdev.dunkindonuts.com\/account-management\/v1\/users\/me\/order-offers, https:\/\/dun-assets.dev.cardfree.net\/giftcards\/7ccbb45c-8061-4699-ae74-de5e075b8067.png_med@2x.png?v=1496768139,","Recommendation":"For having a good caching startegy it is recoomended to have cache control and expires header for all the resources, Also as a best practice it is recommended that no resources to get 304 status"},{"ruleHeader":"Apply Compression Technique","Message":"No compression methodologies has been applied for the below URL's:,https:\/\/mapi-dun.dev.cfdev.dunkindonuts.com\/oauth, https:\/\/mapi-dun.dev.cfdev.dunkindonuts.com\/oauth, https:\/\/mapi-dun.dev.cfdev.dunkindonuts.com\/account-management\/v1\/users\/me, https:\/\/mapi-dun.dev.cfdev.dunkindonuts.com\/account-management\/v1\/users\/me\/userloyalty\/0, https:\/\/mapi-dun.dev.cfdev.dunkindonuts.com\/account-management\/v1\/users\/me\/offers?includeOffers=true&includeRewards=true&includeAutomatedRewards=false&includeMobileCoupons=true&localTime=2019-09-25T18:24:37, https:\/\/mapi-dun.dev.cfdev.dunkindonuts.com\/account-management\/v1\/users\/me\/orders?availability-store-id=308636&limit=10&, https:\/\/mapi-dun.dev.cfdev.dunkindonuts.com\/account-management\/v1\/users\/me\/orders\/favorite?availability-store-id=308636&, https:\/\/mapi-dun.dev.cfdev.dunkindonuts.com\/account-management\/v1\/users\/me\/ordered-items?availability-store-id=308636&, https:\/\/mapi-dun.dev.cfdev.dunkindonuts.com\/account-management\/v1\/users\/me\/frequent-ordered-items?availability-store-id=308636&, https:\/\/mapi-dun.dev.cfdev.dunkindonuts.com\/account-management\/v1\/users\/me\/orders\/favorite\/options, https:\/\/mapi-dun.dev.cfdev.dunkindonuts.com\/account-management\/v1\/users\/me\/orders\/favorite\/options\/background, https:\/\/mapi-dun.dev.cfdev.dunkindonuts.com\/account-management\/v1\/users\/me\/orders\/favorite\/options\/icon, https:\/\/mapi-dun.dev.cfdev.dunkindonuts.com\/account-management\/v1\/users\/me\/orders\/favorite\/options\/carousel, https:\/\/mapi-dun.dev.cfdev.dunkindonuts.com\/account-management\/v1\/users\/me\/orders?availability-store-id=308636&limit=10&, https:\/\/mapi-dun.dev.cfdev.dunkindonuts.com\/account-management\/v1\/users\/me\/orders\/favorite?availability-store-id=308636&, https:\/\/mapi-dun.dev.cfdev.dunkindonuts.com\/account-management\/v1\/users\/me\/offers?includeOffers=true&includeRewards=true&includeAutomatedRewards=false&includeMobileCoupons=true&localTime=2019-09-25T18:24:37, https:\/\/mapi-dun.dev.cfdev.dunkindonuts.com\/account-management\/v1\/users\/me\/userloyalty\/0, https:\/\/mapi-dun.dev.cfdev.dunkindonuts.com\/account-management\/v1\/users\/me\/order-offers","Recommendation":"It is recommended to apply gzip\/deflate\/br compression techniques to the resources by which we can minimize the amount of data getting transferred"},{"ruleHeader":"Avoid Duplicate calls","Message":"Below duplicate calls were observed:,https:\/\/mapi-dun.dev.cfdev.dunkindonuts.com\/account-management\/v1\/users\/me\/orders?availability-store-id=308636&limit=10&, https:\/\/mapi-dun.dev.cfdev.dunkindonuts.com\/account-management\/v1\/users\/me\/orders\/favorite?availability-store-id=308636&, https:\/\/mapi-dun.dev.cfdev.dunkindonuts.com\/account-management\/v1\/users\/me\/offers?includeOffers=true&includeRewards=true&includeAutomatedRewards=false&includeMobileCoupons=true&localTime=2019-09-25T18:24:37, https:\/\/mapi-dun.dev.cfdev.dunkindonuts.com\/account-management\/v1\/users\/me\/userloyalty\/0","Recommendation":"Duplicate call needs to be avoided. Remove unnecessary network calls"},{"ruleHeader":"Errorneous Requests","Message":"Below resources have status code 400\/404:,https:\/\/mapi-dun.dev.cfdev.dunkindonuts.com\/account-management\/v1\/users\/me\/orders\/favorite?availability-store-id=308636&, https:\/\/mapi-dun.dev.cfdev.dunkindonuts.com\/account-management\/v1\/users\/me\/frequent-ordered-items?availability-store-id=308636&, https:\/\/mapi-dun.dev.cfdev.dunkindonuts.com\/account-management\/v1\/users\/me\/orders\/favorite?availability-store-id=308636&","Recommendation":"Resolve 400\/404 resources else remove the unwanted calls"},{"ruleHeader":"Avoid Redirects","Message":"none","Recommendation":"none"},{"ruleHeader":"Server time consuming","Message":"Response time for the below individual request is over 500ms:, https:\/\/mapi-dun.dev.cfdev.dunkindonuts.com\/oauth, https:\/\/mapi-dun.dev.cfdev.dunkindonuts.com\/account-management\/v1\/users\/me\/userloyalty\/0, https:\/\/mapi-dun.dev.cfdev.dunkindonuts.com\/account-management\/v1\/users\/me\/offers?includeOffers=true&includeRewards=true&includeAutomatedRewards=false&includeMobileCoupons=true&localTime=2019-09-25T18:24:37, https:\/\/mapi-dun.dev.cfdev.dunkindonuts.com\/account-management\/v1\/users\/me\/orders\/favorite\/options\/background, https:\/\/mapi-dun.dev.cfdev.dunkindonuts.com\/account-management\/v1\/users\/me\/orders\/favorite\/options\/carousel, https:\/\/mapi-dun.dev.cfdev.dunkindonuts.com\/account-management\/v1\/users\/me\/offers?includeOffers=true&includeRewards=true&includeAutomatedRewards=false&includeMobileCoupons=true&localTime=2019-09-25T18:24:37, https:\/\/mapi-dun.dev.cfdev.dunkindonuts.com\/account-management\/v1\/users\/me\/userloyalty\/0, https:\/\/dun-assets.dev.cardfree.net\/giftcards\/7ccbb45c-8061-4699-ae74-de5e075b8067.png_med@2x.png?v=1496768139","Recommendation":"The requests seems to be time consuming from server\/network side. This needs to be profiled"},{"ruleHeader":"Combine CSS and JS","Message":"none","Recommendation":"none"}]}}]}]