[{"_source":{"usecasename":"App-Launch","responsetime":1443}},{"_source":{"usecasename":"UC1_T01_ShopLogin","responsetime":8006}},{"_source":{"usecasename":"UC1_T02_SelectOrderType","responsetime":3915}},{"_source":{"usecasename":"UC1_T03_ShopSearch","responsetime":1771}},{"_source":{"usecasename":"UC1_T04_ShopAssile","responsetime":2548}},{"_source":{"usecasename":"UC1_T05_ShopDeals","responsetime":1329}},{"_source":{"usecasename":"UC1_T06_AddToCart","responsetime":2663}},{"_source":{"usecasename":"UC1_T07_ShopViewCart","responsetime":1992}},{"_source":{"usecasename":"UC1_T08_ShopCheckOut","responsetime":12568}}]