[{"App-Launch":[{"App-Launch":{"NetworkDetails":[{"Status":"COMPLETE","ResponseSize":1120,"RequestedPage":"POST \/rest\/v2\/batchmbox\/ HTTP\/2.0","STATUS":200,"RequestSize":1020,"ResponseTime":163,"Time":{"requestBegin":"2019-09-26T16:31:51.147+05:30","start":"2019-09-26T16:31:51.136+05:30","responseBegin":"2019-09-26T16:31:51.298+05:30","end":"2019-09-26T16:31:51.299+05:30","requestComplete":"2019-09-26T16:31:51.150+05:30"},"Duration":{"request":3,"total":727,"response":1,"latency":148,"dns":113,"ssl":368,"connect":94},"Domain":"safewayinc.tt.omtrdc.net","Latency":148},{"Status":"COMPLETE","ResponseSize":707,"RequestedPage":"GET \/abs\/pub\/mobile\/j4u\/api\/misc\/features?zipCode=&appName=safeway.ecom.iphone&envt=prod&osVersion=11.3.1&appVersion=3572 HTTP\/2.0","STATUS":200,"RequestSize":538,"ResponseTime":2302,"Time":{"requestBegin":"2019-09-26T16:31:52.130+05:30","start":"2019-09-26T16:31:52.128+05:30","responseBegin":"2019-09-26T16:31:54.429+05:30","end":"2019-09-26T16:31:54.430+05:30","requestComplete":"2019-09-26T16:31:52.131+05:30"},"Duration":{"request":1,"total":3874,"response":1,"latency":2298,"dns":348,"ssl":806,"connect":420},"Domain":"api-prod.safeway.com","Latency":2298},{"Status":"COMPLETE","ResponseSize":858,"RequestedPage":"POST \/rest\/v2\/batchmbox\/ HTTP\/2.0","STATUS":200,"RequestSize":1074,"ResponseTime":193,"Time":{"requestBegin":"2019-09-26T16:31:52.161+05:30","start":"2019-09-26T16:31:52.159+05:30","responseBegin":"2019-09-26T16:31:52.351+05:30","end":"2019-09-26T16:31:52.352+05:30","requestComplete":"2019-09-26T16:31:52.162+05:30"},"Duration":{"request":1,"total":815,"response":1,"latency":189,"dns":85,"ssl":352,"connect":187},"Domain":"mboxedge31.tt.omtrdc.net","Latency":189},{"Status":"COMPLETE","ResponseSize":1186,"RequestedPage":"POST \/rest\/v2\/batchmbox\/ HTTP\/2.0","STATUS":200,"RequestSize":902,"ResponseTime":211,"Time":{"requestBegin":"2019-09-26T16:31:52.379+05:30","start":"2019-09-26T16:31:52.378+05:30","responseBegin":"2019-09-26T16:31:52.580+05:30","end":"2019-09-26T16:31:52.589+05:30","requestComplete":"2019-09-26T16:31:52.380+05:30"},"Duration":{"request":1,"total":210,"response":9,"latency":200,"dns":null,"ssl":null,"connect":null},"Domain":"mboxedge31.tt.omtrdc.net","Latency":200},{"Status":"COMPLETE","ResponseSize":1,"RequestedPage":"POST \/b\/ss\/sfsafewayprod1\/0\/OIP-4.14.1\/s7725312 HTTP\/1.1","STATUS":200,"RequestSize":932,"ResponseTime":1564,"Time":{"requestBegin":"2019-09-26T16:31:53.676+05:30","start":"2019-09-26T16:31:52.653+05:30","responseBegin":"2019-09-26T16:31:54.217+05:30","end":"2019-09-26T16:31:54.217+05:30","requestComplete":"2019-09-26T16:31:53.677+05:30"},"Duration":{"request":1,"total":1488,"response":0,"latency":540,"dns":3,"ssl":743,"connect":201},"Domain":"safeway.sc.omtrdc.net","Latency":540},{"Status":"COMPLETE","ResponseSize":1,"RequestedPage":"POST \/b\/ss\/sfsafewayprod1\/0\/OIP-4.14.1\/s26288384 HTTP\/1.1","STATUS":200,"RequestSize":1374,"ResponseTime":196,"Time":{"requestBegin":"2019-09-26T16:31:54.354+05:30","start":"2019-09-26T16:31:54.354+05:30","responseBegin":"2019-09-26T16:31:54.549+05:30","end":"2019-09-26T16:31:54.550+05:30","requestComplete":"2019-09-26T16:31:54.355+05:30"},"Duration":{"request":1,"total":196,"response":1,"latency":194,"dns":null,"ssl":null,"connect":null},"Domain":"safeway.sc.omtrdc.net","Latency":194},{"Status":"COMPLETE","ResponseSize":1,"RequestedPage":"POST \/b\/ss\/sfsafewayprod1\/0\/OIP-4.14.1\/s1163520 HTTP\/1.1","STATUS":200,"RequestSize":1077,"ResponseTime":183,"Time":{"requestBegin":"2019-09-26T16:31:54.585+05:30","start":"2019-09-26T16:31:54.584+05:30","responseBegin":"2019-09-26T16:31:54.765+05:30","end":"2019-09-26T16:31:54.767+05:30","requestComplete":"2019-09-26T16:31:54.586+05:30"},"Duration":{"request":1,"total":182,"response":2,"latency":179,"dns":null,"ssl":null,"connect":null},"Domain":"safeway.sc.omtrdc.net","Latency":179},{"Status":"COMPLETE","ResponseSize":1,"RequestedPage":"POST \/b\/ss\/sfsafewayprod1\/0\/OIP-4.14.1\/s30425088 HTTP\/1.1","STATUS":200,"RequestSize":1132,"ResponseTime":310,"Time":{"requestBegin":"2019-09-26T16:31:54.799+05:30","start":"2019-09-26T16:31:54.798+05:30","responseBegin":"2019-09-26T16:31:55.107+05:30","end":"2019-09-26T16:31:55.108+05:30","requestComplete":"2019-09-26T16:31:54.800+05:30"},"Duration":{"request":1,"total":309,"response":1,"latency":307,"dns":null,"ssl":null,"connect":null},"Domain":"safeway.sc.omtrdc.net","Latency":307},{"Status":"COMPLETE","ResponseSize":1,"RequestedPage":"POST \/b\/ss\/sfsafewayprod1\/0\/OIP-4.14.1\/s9486336 HTTP\/1.1","STATUS":200,"RequestSize":1316,"ResponseTime":176,"Time":{"requestBegin":"2019-09-26T16:31:55.145+05:30","start":"2019-09-26T16:31:55.144+05:30","responseBegin":"2019-09-26T16:31:55.319+05:30","end":"2019-09-26T16:31:55.320+05:30","requestComplete":"2019-09-26T16:31:55.145+05:30"},"Duration":{"request":0,"total":175,"response":1,"latency":174,"dns":null,"ssl":null,"connect":null},"Domain":"safeway.sc.omtrdc.net","Latency":174},{"Status":"COMPLETE","ResponseSize":1,"RequestedPage":"POST \/b\/ss\/sfsafewayprod1\/0\/OIP-4.14.1\/s89456896 HTTP\/1.1","STATUS":200,"RequestSize":1096,"ResponseTime":151,"Time":{"requestBegin":"2019-09-26T16:31:55.345+05:30","start":"2019-09-26T16:31:55.345+05:30","responseBegin":"2019-09-26T16:31:55.495+05:30","end":"2019-09-26T16:31:55.496+05:30","requestComplete":"2019-09-26T16:31:55.346+05:30"},"Duration":{"request":1,"total":151,"response":1,"latency":149,"dns":null,"ssl":null,"connect":null},"Domain":"safeway.sc.omtrdc.net","Latency":149},{"Status":"COMPLETE","ResponseSize":1,"RequestedPage":"POST \/b\/ss\/sfsafewayprod1\/0\/OIP-4.14.1\/s13950976 HTTP\/1.1","STATUS":200,"RequestSize":1150,"ResponseTime":197,"Time":{"requestBegin":"2019-09-26T16:31:55.532+05:30","start":"2019-09-26T16:31:55.532+05:30","responseBegin":"2019-09-26T16:31:55.728+05:30","end":"2019-09-26T16:31:55.729+05:30","requestComplete":"2019-09-26T16:31:55.533+05:30"},"Duration":{"request":1,"total":197,"response":1,"latency":195,"dns":null,"ssl":null,"connect":null},"Domain":"safeway.sc.omtrdc.net","Latency":195},{"Status":"COMPLETE","ResponseSize":1,"RequestedPage":"POST \/b\/ss\/sfsafewayprod1\/0\/OIP-4.14.1\/s87056384 HTTP\/1.1","STATUS":200,"RequestSize":845,"ResponseTime":187,"Time":{"requestBegin":"2019-09-26T16:31:55.757+05:30","start":"2019-09-26T16:31:55.757+05:30","responseBegin":"2019-09-26T16:31:55.944+05:30","end":"2019-09-26T16:31:55.944+05:30","requestComplete":"2019-09-26T16:31:55.758+05:30"},"Duration":{"request":1,"total":187,"response":0,"latency":186,"dns":null,"ssl":null,"connect":null},"Domain":"safeway.sc.omtrdc.net","Latency":186},{"Status":"COMPLETE","ResponseSize":1,"RequestedPage":"POST \/b\/ss\/sfsafewayprod1\/0\/OIP-4.14.1\/s93396992 HTTP\/1.1","STATUS":200,"RequestSize":845,"ResponseTime":283,"Time":{"requestBegin":"2019-09-26T16:31:55.986+05:30","start":"2019-09-26T16:31:55.984+05:30","responseBegin":"2019-09-26T16:31:56.266+05:30","end":"2019-09-26T16:31:56.267+05:30","requestComplete":"2019-09-26T16:31:55.987+05:30"},"Duration":{"request":1,"total":281,"response":1,"latency":279,"dns":null,"ssl":null,"connect":null},"Domain":"safeway.sc.omtrdc.net","Latency":279}],"Recommendation":[{"ruleHeader":"Validate no. of requests in a page","Message":"Total no. of requests in the page:13.,Consider reducing total no. of resources getting downloaded","Recommendation":"If possible combine multiple js\/css files from same domain to single js\/css. CSS spriting for images also reduces the no. of network calls"},{"ruleHeader":"Leverage Browsing Cache","Message":"Url's without any expiry header:,https:\/\/safewayinc.tt.omtrdc.net\/rest\/v2\/batchmbox\/, https:\/\/api-prod.safeway.com\/abs\/pub\/mobile\/j4u\/api\/misc\/features?zipCode=&appName=safeway.ecom.iphone&envt=prod&osVersion=11.3.1&appVersion=3572, https:\/\/mboxedge31.tt.omtrdc.net\/rest\/v2\/batchmbox\/, https:\/\/mboxedge31.tt.omtrdc.net\/rest\/v2\/batchmbox\/,Url's without cache control header:,https:\/\/safewayinc.tt.omtrdc.net\/rest\/v2\/batchmbox\/, https:\/\/api-prod.safeway.com\/abs\/pub\/mobile\/j4u\/api\/misc\/features?zipCode=&appName=safeway.ecom.iphone&envt=prod&osVersion=11.3.1&appVersion=3572, https:\/\/mboxedge31.tt.omtrdc.net\/rest\/v2\/batchmbox\/, https:\/\/mboxedge31.tt.omtrdc.net\/rest\/v2\/batchmbox\/,","Recommendation":"For having a good caching startegy it is recoomended to have cache control and expires header for all the resources, Also as a best practice it is recommended that no resources to get 304 status"},{"ruleHeader":"Apply Compression Technique","Message":"No compression methodologies has been applied for the below URL's:,https:\/\/safewayinc.tt.omtrdc.net\/rest\/v2\/batchmbox\/, https:\/\/api-prod.safeway.com\/abs\/pub\/mobile\/j4u\/api\/misc\/features?zipCode=&appName=safeway.ecom.iphone&envt=prod&osVersion=11.3.1&appVersion=3572, https:\/\/mboxedge31.tt.omtrdc.net\/rest\/v2\/batchmbox\/, https:\/\/mboxedge31.tt.omtrdc.net\/rest\/v2\/batchmbox\/, https:\/\/safeway.sc.omtrdc.net\/b\/ss\/sfsafewayprod1\/0\/OIP-4.14.1\/s7725312, https:\/\/safeway.sc.omtrdc.net\/b\/ss\/sfsafewayprod1\/0\/OIP-4.14.1\/s26288384, https:\/\/safeway.sc.omtrdc.net\/b\/ss\/sfsafewayprod1\/0\/OIP-4.14.1\/s1163520, https:\/\/safeway.sc.omtrdc.net\/b\/ss\/sfsafewayprod1\/0\/OIP-4.14.1\/s30425088, https:\/\/safeway.sc.omtrdc.net\/b\/ss\/sfsafewayprod1\/0\/OIP-4.14.1\/s9486336, https:\/\/safeway.sc.omtrdc.net\/b\/ss\/sfsafewayprod1\/0\/OIP-4.14.1\/s89456896, https:\/\/safeway.sc.omtrdc.net\/b\/ss\/sfsafewayprod1\/0\/OIP-4.14.1\/s13950976, https:\/\/safeway.sc.omtrdc.net\/b\/ss\/sfsafewayprod1\/0\/OIP-4.14.1\/s87056384, https:\/\/safeway.sc.omtrdc.net\/b\/ss\/sfsafewayprod1\/0\/OIP-4.14.1\/s93396992","Recommendation":"It is recommended to apply gzip\/deflate\/br compression techniques to the resources by which we can minimize the amount of data getting transferred"},{"ruleHeader":"Avoid Duplicate calls","Message":"none","Recommendation":"none"},{"ruleHeader":"Errorneous Requests","Message":"none","Recommendation":"none"},{"ruleHeader":"Avoid Redirects","Message":"none","Recommendation":"none"},{"ruleHeader":"Server time consuming","Message":"Response time for the below individual request is over 500ms:, https:\/\/safewayinc.tt.omtrdc.net\/rest\/v2\/batchmbox\/, https:\/\/api-prod.safeway.com\/abs\/pub\/mobile\/j4u\/api\/misc\/features?zipCode=&appName=safeway.ecom.iphone&envt=prod&osVersion=11.3.1&appVersion=3572, https:\/\/mboxedge31.tt.omtrdc.net\/rest\/v2\/batchmbox\/, https:\/\/safeway.sc.omtrdc.net\/b\/ss\/sfsafewayprod1\/0\/OIP-4.14.1\/s7725312","Recommendation":"The requests seems to be time consuming from server\/network side. This needs to be profiled"},{"ruleHeader":"Combine CSS and JS","Message":"none","Recommendation":"none"}]}}]},{"UC1":[{"UC1_T01_ShopLogin":{"NetworkDetails":[{"Status":"COMPLETE","ResponseSize":373,"RequestedPage":"POST \/api\/v1\/authn HTTP\/1.1","STATUS":200,"RequestSize":667,"ResponseTime":2387,"Time":{"requestBegin":"2019-09-26T16:32:56.225+05:30","start":"2019-09-26T16:32:54.397+05:30","responseBegin":"2019-09-26T16:32:56.778+05:30","end":"2019-09-26T16:32:56.784+05:30","requestComplete":"2019-09-26T16:32:56.226+05:30"},"Duration":{"request":1,"total":2131,"response":6,"latency":552,"dns":429,"ssl":815,"connect":328},"Domain":"albertsons.okta.com","Latency":552},{"Status":"COMPLETE","ResponseSize":2407,"RequestedPage":"POST \/oauth2\/ausp6soxrIyPrm8rS2p6\/v1\/token HTTP\/1.1","STATUS":200,"RequestSize":952,"ResponseTime":635,"Time":{"requestBegin":"2019-09-26T16:32:56.919+05:30","start":"2019-09-26T16:32:56.919+05:30","responseBegin":"2019-09-26T16:32:57.553+05:30","end":"2019-09-26T16:32:57.554+05:30","requestComplete":"2019-09-26T16:32:56.920+05:30"},"Duration":{"request":1,"total":635,"response":1,"latency":633,"dns":null,"ssl":null,"connect":null},"Domain":"albertsons.okta.com","Latency":633},{"Status":"COMPLETE","ResponseSize":1,"RequestedPage":"POST \/b\/ss\/sfsafewayprod1\/0\/OIP-4.14.1\/s85286912 HTTP\/1.1","STATUS":200,"RequestSize":1281,"ResponseTime":373,"Time":{"requestBegin":"2019-09-26T16:32:57.977+05:30","start":"2019-09-26T16:32:57.691+05:30","responseBegin":"2019-09-26T16:32:58.063+05:30","end":"2019-09-26T16:32:58.064+05:30","requestComplete":"2019-09-26T16:32:57.978+05:30"},"Duration":{"request":1,"total":343,"response":1,"latency":85,"dns":9,"ssl":149,"connect":98},"Domain":"safeway.sc.omtrdc.net","Latency":85},{"Status":"COMPLETE","ResponseSize":1,"RequestedPage":"POST \/b\/ss\/sfsafewayprod1\/0\/OIP-4.14.1\/s86024448 HTTP\/1.1","STATUS":200,"RequestSize":1392,"ResponseTime":88,"Time":{"requestBegin":"2019-09-26T16:32:58.101+05:30","start":"2019-09-26T16:32:58.101+05:30","responseBegin":"2019-09-26T16:32:58.188+05:30","end":"2019-09-26T16:32:58.189+05:30","requestComplete":"2019-09-26T16:32:58.102+05:30"},"Duration":{"request":1,"total":88,"response":1,"latency":86,"dns":null,"ssl":null,"connect":null},"Domain":"safeway.sc.omtrdc.net","Latency":86},{"Status":"COMPLETE","ResponseSize":4689,"RequestedPage":"GET \/abs\/pub\/mobile\/ecom\/api\/signin HTTP\/2.0","STATUS":200,"RequestSize":1382,"ResponseTime":2749,"Time":{"requestBegin":"2019-09-26T16:32:58.649+05:30","start":"2019-09-26T16:32:58.648+05:30","responseBegin":"2019-09-26T16:33:01.395+05:30","end":"2019-09-26T16:33:01.397+05:30","requestComplete":"2019-09-26T16:32:58.651+05:30"},"Duration":{"request":2,"total":3636,"response":2,"latency":2744,"dns":224,"ssl":322,"connect":342},"Domain":"api-prod.safeway.com","Latency":2744},{"Status":"COMPLETE","ResponseSize":801,"RequestedPage":"GET \/abs\/pub\/mobile\/j4u\/api\/store?storeId=309 HTTP\/2.0","STATUS":200,"RequestSize":272,"ResponseTime":663,"Time":{"requestBegin":"2019-09-26T16:33:01.435+05:30","start":"2019-09-26T16:33:01.433+05:30","responseBegin":"2019-09-26T16:33:02.095+05:30","end":"2019-09-26T16:33:02.096+05:30","requestComplete":"2019-09-26T16:33:01.435+05:30"},"Duration":{"request":0,"total":661,"response":1,"latency":660,"dns":null,"ssl":null,"connect":null},"Domain":"api-prod.safeway.com","Latency":660},{"Status":"COMPLETE","ResponseSize":55324,"RequestedPage":"GET \/abs\/pub\/mobile\/j4u\/api\/ecomgallery?storeId=309&offerPgm=PD-CC HTTP\/2.0","STATUS":200,"RequestSize":2199,"ResponseTime":3373,"Time":{"requestBegin":"2019-09-26T16:33:01.436+05:30","start":"2019-09-26T16:33:01.434+05:30","responseBegin":"2019-09-26T16:33:03.519+05:30","end":"2019-09-26T16:33:04.807+05:30","requestComplete":"2019-09-26T16:33:01.437+05:30"},"Duration":{"request":1,"total":3371,"response":1288,"latency":2082,"dns":null,"ssl":null,"connect":null},"Domain":"api-prod.safeway.com","Latency":2082},{"Status":"COMPLETE","ResponseSize":789,"RequestedPage":"GET \/abs\/pub\/mobile\/j4u\/api\/store?storeId=309 HTTP\/2.0","STATUS":200,"RequestSize":19,"ResponseTime":1728,"Time":{"requestBegin":"2019-09-26T16:33:01.437+05:30","start":"2019-09-26T16:33:01.435+05:30","responseBegin":"2019-09-26T16:33:03.162+05:30","end":"2019-09-26T16:33:03.163+05:30","requestComplete":"2019-09-26T16:33:01.438+05:30"},"Duration":{"request":1,"total":1726,"response":1,"latency":1724,"dns":null,"ssl":null,"connect":null},"Domain":"api-prod.safeway.com","Latency":1724},{"Status":"COMPLETE","ResponseSize":2769,"RequestedPage":"GET \/abs\/pub\/mobile\/ecom\/api\/Cart HTTP\/2.0","STATUS":200,"RequestSize":1067,"ResponseTime":3355,"Time":{"requestBegin":"2019-09-26T16:33:01.453+05:30","start":"2019-09-26T16:33:01.452+05:30","responseBegin":"2019-09-26T16:33:04.784+05:30","end":"2019-09-26T16:33:04.807+05:30","requestComplete":"2019-09-26T16:33:01.454+05:30"},"Duration":{"request":1,"total":3354,"response":23,"latency":3330,"dns":null,"ssl":null,"connect":null},"Domain":"api-prod.safeway.com","Latency":3330},{"Status":"COMPLETE","ResponseSize":144,"RequestedPage":"GET \/abs\/pub\/erums\/storeservice\/api\/v1\/store\/309 HTTP\/1.1","STATUS":401,"RequestSize":608,"ResponseTime":2448,"Time":{"requestBegin":"2019-09-26T16:33:02.949+05:30","start":"2019-09-26T16:33:01.461+05:30","responseBegin":"2019-09-26T16:33:03.908+05:30","end":"2019-09-26T16:33:03.909+05:30","requestComplete":"2019-09-26T16:33:02.950+05:30"},"Duration":{"request":1,"total":2377,"response":1,"latency":958,"dns":430,"ssl":655,"connect":332},"Domain":"shop.safeway.com","Latency":958},{"Status":"COMPLETE","ResponseSize":689,"RequestedPage":"GET \/abs\/pub\/mobile\/ecom\/api\/nextdeliveryslots?storeId=309 HTTP\/2.0","STATUS":200,"RequestSize":1085,"ResponseTime":1027,"Time":{"requestBegin":"2019-09-26T16:33:01.582+05:30","start":"2019-09-26T16:33:01.581+05:30","responseBegin":"2019-09-26T16:33:02.607+05:30","end":"2019-09-26T16:33:02.608+05:30","requestComplete":"2019-09-26T16:33:01.583+05:30"},"Duration":{"request":1,"total":1026,"response":1,"latency":1024,"dns":null,"ssl":null,"connect":null},"Domain":"api-prod.safeway.com","Latency":1024},{"Status":"COMPLETE","ResponseSize":1929,"RequestedPage":"POST \/abs\/pub\/mobile\/ecom\/api\/getuserselectedslot HTTP\/2.0","STATUS":200,"RequestSize":1080,"ResponseTime":2584,"Time":{"requestBegin":"2019-09-26T16:33:01.582+05:30","start":"2019-09-26T16:33:01.581+05:30","responseBegin":"2019-09-26T16:33:03.954+05:30","end":"2019-09-26T16:33:04.165+05:30","requestComplete":"2019-09-26T16:33:01.583+05:30"},"Duration":{"request":1,"total":2583,"response":211,"latency":2371,"dns":null,"ssl":null,"connect":null},"Domain":"api-prod.safeway.com","Latency":2371},{"Status":"COMPLETE","ResponseSize":3083,"RequestedPage":"GET \/abs\/pub\/mobile\/j4u\/api\/promos?date=current&includedBanners=safeway&userTypes=all,rn HTTP\/2.0","STATUS":200,"RequestSize":1108,"ResponseTime":2326,"Time":{"requestBegin":"2019-09-26T16:33:01.630+05:30","start":"2019-09-26T16:33:01.629+05:30","responseBegin":"2019-09-26T16:33:03.840+05:30","end":"2019-09-26T16:33:03.955+05:30","requestComplete":"2019-09-26T16:33:01.631+05:30"},"Duration":{"request":1,"total":2325,"response":115,"latency":2209,"dns":null,"ssl":null,"connect":null},"Domain":"api-prod.safeway.com","Latency":2209},{"Status":"COMPLETE","ResponseSize":1391,"RequestedPage":"GET \/abs\/pub\/mobile\/ecom\/api\/HistoryLastOrder HTTP\/2.0","STATUS":200,"RequestSize":1075,"ResponseTime":1544,"Time":{"requestBegin":"2019-09-26T16:33:01.634+05:30","start":"2019-09-26T16:33:01.633+05:30","responseBegin":"2019-09-26T16:33:03.176+05:30","end":"2019-09-26T16:33:03.177+05:30","requestComplete":"2019-09-26T16:33:01.635+05:30"},"Duration":{"request":1,"total":1543,"response":1,"latency":1541,"dns":null,"ssl":null,"connect":null},"Domain":"api-prod.safeway.com","Latency":1541},{"Status":"COMPLETE","ResponseSize":1,"RequestedPage":"POST \/b\/ss\/sfsafewayprod1\/0\/OIP-4.14.1\/s70320128 HTTP\/1.1","STATUS":200,"RequestSize":1301,"ResponseTime":86,"Time":{"requestBegin":"2019-09-26T16:33:01.649+05:30","start":"2019-09-26T16:33:01.649+05:30","responseBegin":"2019-09-26T16:33:01.735+05:30","end":"2019-09-26T16:33:01.735+05:30","requestComplete":"2019-09-26T16:33:01.650+05:30"},"Duration":{"request":1,"total":86,"response":0,"latency":85,"dns":null,"ssl":null,"connect":null},"Domain":"safeway.sc.omtrdc.net","Latency":85},{"Status":"COMPLETE","ResponseSize":282,"RequestedPage":"GET \/content\/dam\/data\/mobile\/edfeeds\/mostpopular.json HTTP\/1.1","STATUS":200,"RequestSize":1885,"ResponseTime":1443,"Time":{"requestBegin":"2019-09-26T16:33:03.650+05:30","start":"2019-09-26T16:33:02.959+05:30","responseBegin":"2019-09-26T16:33:04.401+05:30","end":"2019-09-26T16:33:04.402+05:30","requestComplete":"2019-09-26T16:33:03.651+05:30"},"Duration":{"request":1,"total":1409,"response":1,"latency":750,"dns":2,"ssl":328,"connect":327},"Domain":"shop.safeway.com","Latency":750}],"Recommendation":[{"ruleHeader":"Validate no. of requests in a page","Message":"Total no. of requests in the page:16.,Consider reducing total no. of resources getting downloaded","Recommendation":"If possible combine multiple js\/css files from same domain to single js\/css. CSS spriting for images also reduces the no. of network calls"},{"ruleHeader":"Leverage Browsing Cache","Message":"Url's without any expiry header:,https:\/\/api-prod.safeway.com\/abs\/pub\/mobile\/ecom\/api\/signin, https:\/\/api-prod.safeway.com\/abs\/pub\/mobile\/j4u\/api\/store?storeId=309, https:\/\/api-prod.safeway.com\/abs\/pub\/mobile\/j4u\/api\/ecomgallery?storeId=309&offerPgm=PD-CC, https:\/\/api-prod.safeway.com\/abs\/pub\/mobile\/j4u\/api\/store?storeId=309, https:\/\/api-prod.safeway.com\/abs\/pub\/mobile\/ecom\/api\/Cart, https:\/\/shop.safeway.com\/abs\/pub\/erums\/storeservice\/api\/v1\/store\/309, https:\/\/api-prod.safeway.com\/abs\/pub\/mobile\/ecom\/api\/nextdeliveryslots?storeId=309, https:\/\/api-prod.safeway.com\/abs\/pub\/mobile\/ecom\/api\/getuserselectedslot, https:\/\/api-prod.safeway.com\/abs\/pub\/mobile\/j4u\/api\/promos?date=current&includedBanners=safeway&userTypes=all,rn, https:\/\/api-prod.safeway.com\/abs\/pub\/mobile\/ecom\/api\/HistoryLastOrder, https:\/\/shop.safeway.com\/content\/dam\/data\/mobile\/edfeeds\/mostpopular.json,Url's without cache control header:,https:\/\/api-prod.safeway.com\/abs\/pub\/mobile\/ecom\/api\/signin, https:\/\/api-prod.safeway.com\/abs\/pub\/mobile\/j4u\/api\/store?storeId=309, https:\/\/api-prod.safeway.com\/abs\/pub\/mobile\/j4u\/api\/ecomgallery?storeId=309&offerPgm=PD-CC, https:\/\/api-prod.safeway.com\/abs\/pub\/mobile\/j4u\/api\/store?storeId=309, https:\/\/api-prod.safeway.com\/abs\/pub\/mobile\/ecom\/api\/Cart, https:\/\/shop.safeway.com\/abs\/pub\/erums\/storeservice\/api\/v1\/store\/309, https:\/\/api-prod.safeway.com\/abs\/pub\/mobile\/ecom\/api\/nextdeliveryslots?storeId=309, https:\/\/api-prod.safeway.com\/abs\/pub\/mobile\/ecom\/api\/getuserselectedslot, https:\/\/api-prod.safeway.com\/abs\/pub\/mobile\/j4u\/api\/promos?date=current&includedBanners=safeway&userTypes=all,rn, https:\/\/api-prod.safeway.com\/abs\/pub\/mobile\/ecom\/api\/HistoryLastOrder, https:\/\/shop.safeway.com\/content\/dam\/data\/mobile\/edfeeds\/mostpopular.json,","Recommendation":"For having a good caching startegy it is recoomended to have cache control and expires header for all the resources, Also as a best practice it is recommended that no resources to get 304 status"},{"ruleHeader":"Apply Compression Technique","Message":"No compression methodologies has been applied for the below URL's:,https:\/\/albertsons.okta.com\/oauth2\/ausp6soxrIyPrm8rS2p6\/v1\/token, https:\/\/safeway.sc.omtrdc.net\/b\/ss\/sfsafewayprod1\/0\/OIP-4.14.1\/s85286912, https:\/\/safeway.sc.omtrdc.net\/b\/ss\/sfsafewayprod1\/0\/OIP-4.14.1\/s86024448, https:\/\/api-prod.safeway.com\/abs\/pub\/mobile\/ecom\/api\/signin, https:\/\/api-prod.safeway.com\/abs\/pub\/mobile\/j4u\/api\/store?storeId=309, https:\/\/api-prod.safeway.com\/abs\/pub\/mobile\/j4u\/api\/ecomgallery?storeId=309&offerPgm=PD-CC, https:\/\/api-prod.safeway.com\/abs\/pub\/mobile\/j4u\/api\/store?storeId=309, https:\/\/api-prod.safeway.com\/abs\/pub\/mobile\/ecom\/api\/Cart, https:\/\/api-prod.safeway.com\/abs\/pub\/mobile\/ecom\/api\/nextdeliveryslots?storeId=309, https:\/\/api-prod.safeway.com\/abs\/pub\/mobile\/ecom\/api\/getuserselectedslot, https:\/\/api-prod.safeway.com\/abs\/pub\/mobile\/j4u\/api\/promos?date=current&includedBanners=safeway&userTypes=all,rn, https:\/\/api-prod.safeway.com\/abs\/pub\/mobile\/ecom\/api\/HistoryLastOrder, https:\/\/safeway.sc.omtrdc.net\/b\/ss\/sfsafewayprod1\/0\/OIP-4.14.1\/s70320128","Recommendation":"It is recommended to apply gzip\/deflate\/br compression techniques to the resources by which we can minimize the amount of data getting transferred"},{"ruleHeader":"Avoid Duplicate calls","Message":"none","Recommendation":"none"},{"ruleHeader":"Errorneous Requests","Message":"none","Recommendation":"none"},{"ruleHeader":"Avoid Redirects","Message":"none","Recommendation":"none"},{"ruleHeader":"Server time consuming","Message":"Response time for the below individual request is over 500ms:, https:\/\/albertsons.okta.com\/api\/v1\/authn, https:\/\/albertsons.okta.com\/oauth2\/ausp6soxrIyPrm8rS2p6\/v1\/token, https:\/\/api-prod.safeway.com\/abs\/pub\/mobile\/ecom\/api\/signin, https:\/\/api-prod.safeway.com\/abs\/pub\/mobile\/j4u\/api\/store?storeId=309, https:\/\/api-prod.safeway.com\/abs\/pub\/mobile\/j4u\/api\/ecomgallery?storeId=309&offerPgm=PD-CC, https:\/\/api-prod.safeway.com\/abs\/pub\/mobile\/j4u\/api\/store?storeId=309, https:\/\/api-prod.safeway.com\/abs\/pub\/mobile\/ecom\/api\/Cart, https:\/\/shop.safeway.com\/abs\/pub\/erums\/storeservice\/api\/v1\/store\/309, https:\/\/api-prod.safeway.com\/abs\/pub\/mobile\/ecom\/api\/nextdeliveryslots?storeId=309, https:\/\/api-prod.safeway.com\/abs\/pub\/mobile\/ecom\/api\/getuserselectedslot, https:\/\/api-prod.safeway.com\/abs\/pub\/mobile\/j4u\/api\/promos?date=current&includedBanners=safeway&userTypes=all,rn, https:\/\/api-prod.safeway.com\/abs\/pub\/mobile\/ecom\/api\/HistoryLastOrder, https:\/\/shop.safeway.com\/content\/dam\/data\/mobile\/edfeeds\/mostpopular.json","Recommendation":"The requests seems to be time consuming from server\/network side. This needs to be profiled"},{"ruleHeader":"Combine CSS and JS","Message":"none","Recommendation":"none"}]}},{"UC1_T02_SelectOrderType":{"NetworkDetails":[{"Status":"COMPLETE","ResponseSize":1,"RequestedPage":"POST \/b\/ss\/sfsafewayprod1\/0\/OIP-4.14.1\/s24436992 HTTP\/1.1","STATUS":200,"RequestSize":1336,"ResponseTime":103,"Time":{"requestBegin":"2019-09-26T16:33:30.384+05:30","start":"2019-09-26T16:33:30.383+05:30","responseBegin":"2019-09-26T16:33:30.486+05:30","end":"2019-09-26T16:33:30.486+05:30","requestComplete":"2019-09-26T16:33:30.384+05:30"},"Duration":{"request":0,"total":102,"response":0,"latency":102,"dns":null,"ssl":null,"connect":null},"Domain":"safeway.sc.omtrdc.net","Latency":102},{"Status":"COMPLETE","ResponseSize":1324,"RequestedPage":"POST \/abs\/pub\/mobile\/ecom\/api\/account\/deliverypreferences HTTP\/2.0","STATUS":200,"RequestSize":2220,"ResponseTime":1127,"Time":{"requestBegin":"2019-09-26T16:33:30.384+05:30","start":"2019-09-26T16:33:30.383+05:30","responseBegin":"2019-09-26T16:33:31.509+05:30","end":"2019-09-26T16:33:31.510+05:30","requestComplete":"2019-09-26T16:33:30.385+05:30"},"Duration":{"request":1,"total":1126,"response":1,"latency":1124,"dns":null,"ssl":null,"connect":null},"Domain":"api-prod.safeway.com","Latency":1124},{"Status":"COMPLETE","ResponseSize":4202,"RequestedPage":"GET \/abs\/pub\/mobile\/ecom\/api\/signin HTTP\/2.0","STATUS":200,"RequestSize":1122,"ResponseTime":1189,"Time":{"requestBegin":"2019-09-26T16:33:31.538+05:30","start":"2019-09-26T16:33:31.537+05:30","responseBegin":"2019-09-26T16:33:32.725+05:30","end":"2019-09-26T16:33:32.726+05:30","requestComplete":"2019-09-26T16:33:31.539+05:30"},"Duration":{"request":1,"total":1188,"response":1,"latency":1186,"dns":null,"ssl":null,"connect":null},"Domain":"api-prod.safeway.com","Latency":1186},{"Status":"COMPLETE","ResponseSize":144,"RequestedPage":"GET \/abs\/pub\/erums\/storeservice\/api\/v1\/store\/309 HTTP\/1.1","STATUS":401,"RequestSize":1712,"ResponseTime":816,"Time":{"requestBegin":"2019-09-26T16:33:32.845+05:30","start":"2019-09-26T16:33:32.844+05:30","responseBegin":"2019-09-26T16:33:33.660+05:30","end":"2019-09-26T16:33:33.660+05:30","requestComplete":"2019-09-26T16:33:32.845+05:30"},"Duration":{"request":0,"total":815,"response":0,"latency":815,"dns":null,"ssl":null,"connect":null},"Domain":"shop.safeway.com","Latency":815},{"Status":"COMPLETE","ResponseSize":788,"RequestedPage":"GET \/abs\/pub\/mobile\/ecom\/api\/nextdeliveryslots?storeId=309 HTTP\/2.0","STATUS":200,"RequestSize":1906,"ResponseTime":821,"Time":{"requestBegin":"2019-09-26T16:33:32.868+05:30","start":"2019-09-26T16:33:32.867+05:30","responseBegin":"2019-09-26T16:33:33.688+05:30","end":"2019-09-26T16:33:33.688+05:30","requestComplete":"2019-09-26T16:33:32.869+05:30"},"Duration":{"request":1,"total":820,"response":0,"latency":819,"dns":null,"ssl":null,"connect":null},"Domain":"api-prod.safeway.com","Latency":819},{"Status":"COMPLETE","ResponseSize":1423,"RequestedPage":"POST \/abs\/pub\/mobile\/ecom\/api\/getuserselectedslot HTTP\/2.0","STATUS":200,"RequestSize":1046,"ResponseTime":1166,"Time":{"requestBegin":"2019-09-26T16:33:32.869+05:30","start":"2019-09-26T16:33:32.868+05:30","responseBegin":"2019-09-26T16:33:34.033+05:30","end":"2019-09-26T16:33:34.034+05:30","requestComplete":"2019-09-26T16:33:32.870+05:30"},"Duration":{"request":1,"total":1165,"response":1,"latency":1163,"dns":null,"ssl":null,"connect":null},"Domain":"api-prod.safeway.com","Latency":1163},{"Status":"COMPLETE","ResponseSize":1,"RequestedPage":"POST \/b\/ss\/sfsafewayprod1\/0\/OIP-4.14.1\/s78987520 HTTP\/1.1","STATUS":200,"RequestSize":1282,"ResponseTime":93,"Time":{"requestBegin":"2019-09-26T16:33:32.901+05:30","start":"2019-09-26T16:33:32.900+05:30","responseBegin":"2019-09-26T16:33:32.992+05:30","end":"2019-09-26T16:33:32.993+05:30","requestComplete":"2019-09-26T16:33:32.901+05:30"},"Duration":{"request":0,"total":92,"response":1,"latency":91,"dns":null,"ssl":null,"connect":null},"Domain":"safeway.sc.omtrdc.net","Latency":91},{"Status":"COMPLETE","ResponseSize":2967,"RequestedPage":"GET \/abs\/pub\/mobile\/j4u\/api\/promos?date=current&includedBanners=safeway&userTypes=all,rn HTTP\/2.0","STATUS":200,"RequestSize":1912,"ResponseTime":681,"Time":{"requestBegin":"2019-09-26T16:33:33.451+05:30","start":"2019-09-26T16:33:33.450+05:30","responseBegin":"2019-09-26T16:33:34.127+05:30","end":"2019-09-26T16:33:34.131+05:30","requestComplete":"2019-09-26T16:33:33.451+05:30"},"Duration":{"request":0,"total":680,"response":4,"latency":676,"dns":null,"ssl":null,"connect":null},"Domain":"api-prod.safeway.com","Latency":676},{"Status":"COMPLETE","ResponseSize":1964,"RequestedPage":"GET \/abs\/pub\/mobile\/ecom\/api\/Product\/184060007 HTTP\/2.0","STATUS":200,"RequestSize":1076,"ResponseTime":2053,"Time":{"requestBegin":"2019-09-26T16:33:33.484+05:30","start":"2019-09-26T16:33:33.483+05:30","responseBegin":"2019-09-26T16:33:35.171+05:30","end":"2019-09-26T16:33:35.536+05:30","requestComplete":"2019-09-26T16:33:33.485+05:30"},"Duration":{"request":1,"total":2052,"response":365,"latency":1686,"dns":null,"ssl":null,"connect":null},"Domain":"api-prod.safeway.com","Latency":1686},{"Status":"COMPLETE","ResponseSize":1998,"RequestedPage":"GET \/abs\/pub\/mobile\/ecom\/api\/Product\/184040158 HTTP\/2.0","STATUS":200,"RequestSize":1076,"ResponseTime":2046,"Time":{"requestBegin":"2019-09-26T16:33:33.491+05:30","start":"2019-09-26T16:33:33.490+05:30","responseBegin":"2019-09-26T16:33:35.535+05:30","end":"2019-09-26T16:33:35.536+05:30","requestComplete":"2019-09-26T16:33:33.491+05:30"},"Duration":{"request":0,"total":2045,"response":1,"latency":2044,"dns":null,"ssl":null,"connect":null},"Domain":"api-prod.safeway.com","Latency":2044}],"Recommendation":[{"ruleHeader":"Validate no. of requests in a page","Message":"Total no. of requests in the page:10.,Consider reducing total no. of resources getting downloaded","Recommendation":"If possible combine multiple js\/css files from same domain to single js\/css. CSS spriting for images also reduces the no. of network calls"},{"ruleHeader":"Leverage Browsing Cache","Message":"Url's without any expiry header:,https:\/\/api-prod.safeway.com\/abs\/pub\/mobile\/ecom\/api\/account\/deliverypreferences, https:\/\/api-prod.safeway.com\/abs\/pub\/mobile\/ecom\/api\/signin, https:\/\/shop.safeway.com\/abs\/pub\/erums\/storeservice\/api\/v1\/store\/309, https:\/\/api-prod.safeway.com\/abs\/pub\/mobile\/ecom\/api\/nextdeliveryslots?storeId=309, https:\/\/api-prod.safeway.com\/abs\/pub\/mobile\/ecom\/api\/getuserselectedslot, https:\/\/api-prod.safeway.com\/abs\/pub\/mobile\/j4u\/api\/promos?date=current&includedBanners=safeway&userTypes=all,rn, https:\/\/api-prod.safeway.com\/abs\/pub\/mobile\/ecom\/api\/Product\/184060007, https:\/\/api-prod.safeway.com\/abs\/pub\/mobile\/ecom\/api\/Product\/184040158,Url's without cache control header:,https:\/\/api-prod.safeway.com\/abs\/pub\/mobile\/ecom\/api\/account\/deliverypreferences, https:\/\/api-prod.safeway.com\/abs\/pub\/mobile\/ecom\/api\/signin, https:\/\/shop.safeway.com\/abs\/pub\/erums\/storeservice\/api\/v1\/store\/309, https:\/\/api-prod.safeway.com\/abs\/pub\/mobile\/ecom\/api\/nextdeliveryslots?storeId=309, https:\/\/api-prod.safeway.com\/abs\/pub\/mobile\/ecom\/api\/getuserselectedslot, https:\/\/api-prod.safeway.com\/abs\/pub\/mobile\/j4u\/api\/promos?date=current&includedBanners=safeway&userTypes=all,rn, https:\/\/api-prod.safeway.com\/abs\/pub\/mobile\/ecom\/api\/Product\/184060007, https:\/\/api-prod.safeway.com\/abs\/pub\/mobile\/ecom\/api\/Product\/184040158,","Recommendation":"For having a good caching startegy it is recoomended to have cache control and expires header for all the resources, Also as a best practice it is recommended that no resources to get 304 status"},{"ruleHeader":"Apply Compression Technique","Message":"No compression methodologies has been applied for the below URL's:,https:\/\/safeway.sc.omtrdc.net\/b\/ss\/sfsafewayprod1\/0\/OIP-4.14.1\/s24436992, https:\/\/api-prod.safeway.com\/abs\/pub\/mobile\/ecom\/api\/account\/deliverypreferences, https:\/\/api-prod.safeway.com\/abs\/pub\/mobile\/ecom\/api\/signin, https:\/\/api-prod.safeway.com\/abs\/pub\/mobile\/ecom\/api\/nextdeliveryslots?storeId=309, https:\/\/api-prod.safeway.com\/abs\/pub\/mobile\/ecom\/api\/getuserselectedslot, https:\/\/safeway.sc.omtrdc.net\/b\/ss\/sfsafewayprod1\/0\/OIP-4.14.1\/s78987520, https:\/\/api-prod.safeway.com\/abs\/pub\/mobile\/j4u\/api\/promos?date=current&includedBanners=safeway&userTypes=all,rn, https:\/\/api-prod.safeway.com\/abs\/pub\/mobile\/ecom\/api\/Product\/184060007, https:\/\/api-prod.safeway.com\/abs\/pub\/mobile\/ecom\/api\/Product\/184040158","Recommendation":"It is recommended to apply gzip\/deflate\/br compression techniques to the resources by which we can minimize the amount of data getting transferred"},{"ruleHeader":"Avoid Duplicate calls","Message":"none","Recommendation":"none"},{"ruleHeader":"Errorneous Requests","Message":"none","Recommendation":"none"},{"ruleHeader":"Avoid Redirects","Message":"none","Recommendation":"none"},{"ruleHeader":"Server time consuming","Message":"Response time for the below individual request is over 500ms:, https:\/\/api-prod.safeway.com\/abs\/pub\/mobile\/ecom\/api\/account\/deliverypreferences, https:\/\/api-prod.safeway.com\/abs\/pub\/mobile\/ecom\/api\/signin, https:\/\/shop.safeway.com\/abs\/pub\/erums\/storeservice\/api\/v1\/store\/309, https:\/\/api-prod.safeway.com\/abs\/pub\/mobile\/ecom\/api\/nextdeliveryslots?storeId=309, https:\/\/api-prod.safeway.com\/abs\/pub\/mobile\/ecom\/api\/getuserselectedslot, https:\/\/api-prod.safeway.com\/abs\/pub\/mobile\/j4u\/api\/promos?date=current&includedBanners=safeway&userTypes=all,rn, https:\/\/api-prod.safeway.com\/abs\/pub\/mobile\/ecom\/api\/Product\/184060007, https:\/\/api-prod.safeway.com\/abs\/pub\/mobile\/ecom\/api\/Product\/184040158","Recommendation":"The requests seems to be time consuming from server\/network side. This needs to be profiled"},{"ruleHeader":"Combine CSS and JS","Message":"none","Recommendation":"none"}]}},{"UC1_T03_ShopSearch":{"NetworkDetails":[{"Status":"COMPLETE","ResponseSize":2091,"RequestedPage":"GET \/api\/v1\/core\/Search_Results?search_type=keyword&ref_url=www.bloomique.com&_br_uid_2=uid=2952E485-E4E3-4FD9-B2C5-1EB989DC6B42:v=app:ts=1569495848:hc=2&rows=25&request_id=1569495848&auth_key=eyxny75nafpl1ra4&sort=&user_id=49122544511&q=milk&url=www.bloomique.com&fl=pid,id,upc,name,aisleId,departmentName,aisleName,shelfName,salesRank,price,basePrice,pricePer,unitOfMeasure,restrictedValue,sellByWeight,averageWeight,promoDescription,displayType,promoText,promoType,offerType&view_id=309&request_type=search&domain_key=albertsons&start=0&account_id=6175 HTTP\/1.1","STATUS":200,"RequestSize":2280,"ResponseTime":1085,"Time":{"requestBegin":"2019-09-26T16:34:08.361+05:30","start":"2019-09-26T16:34:08.360+05:30","responseBegin":"2019-09-26T16:34:09.443+05:30","end":"2019-09-26T16:34:09.445+05:30","requestComplete":"2019-09-26T16:34:08.361+05:30"},"Duration":{"request":0,"total":1084,"response":2,"latency":1082,"dns":null,"ssl":null,"connect":null},"Domain":"shop.safeway.com","Latency":1082},{"Status":"COMPLETE","ResponseSize":43,"RequestedPage":"GET \/pix.gif?cookie2=uid%3D2952E485-E4E3-4FD9-B2C5-1EB989DC6B42%253Av%3Dapp%253Ats%3D1569495848%253Ahc%3D2&etype=submit&url=https%253A%252F%252Fsafeway.app&type=event&user_id=49122544511&group=suggest&q=milk&rand=1569495848&view_id=309&acct_id=6175 HTTP\/1.1","STATUS":200,"RequestSize":804,"ResponseTime":1564,"Time":{"requestBegin":"2019-09-26T16:34:09.646+05:30","start":"2019-09-26T16:34:08.368+05:30","responseBegin":"2019-09-26T16:34:09.931+05:30","end":"2019-09-26T16:34:09.932+05:30","requestComplete":"2019-09-26T16:34:09.647+05:30"},"Duration":{"request":1,"total":1410,"response":1,"latency":284,"dns":226,"ssl":600,"connect":298},"Domain":"p.brsrvr.com","Latency":284},{"Status":"COMPLETE","ResponseSize":1,"RequestedPage":"POST \/b\/ss\/sfsafewayprod1\/0\/OIP-4.14.1\/s93348096 HTTP\/1.1","STATUS":200,"RequestSize":1408,"ResponseTime":379,"Time":{"requestBegin":"2019-09-26T16:34:09.813+05:30","start":"2019-09-26T16:34:09.534+05:30","responseBegin":"2019-09-26T16:34:09.913+05:30","end":"2019-09-26T16:34:09.913+05:30","requestComplete":"2019-09-26T16:34:09.814+05:30"},"Duration":{"request":1,"total":355,"response":0,"latency":99,"dns":2,"ssl":161,"connect":92},"Domain":"safeway.sc.omtrdc.net","Latency":99},{"Status":"COMPLETE","ResponseSize":43,"RequestedPage":"GET \/pix.gif?cookie2=uid%3D2952E485-E4E3-4FD9-B2C5-1EB989DC6B42%253Av%3Dapp%253Ats%3D1569495848%253Ahc%3D2&ptype=search&type=pageview&user_id=49122544511&url=https%253A%252F%252Fsafeway.app%252Fsearch%252Fmilk&rand=1569495850&title=milk&view_id=309&acct_id=6175&search_term=milk&ref=https%253A%252F%252Fsafeway.com HTTP\/1.1","STATUS":200,"RequestSize":870,"ResponseTime":1368,"Time":{"requestBegin":"2019-09-26T16:34:10.628+05:30","start":"2019-09-26T16:34:09.653+05:30","responseBegin":"2019-09-26T16:34:11.021+05:30","end":"2019-09-26T16:34:11.021+05:30","requestComplete":"2019-09-26T16:34:10.628+05:30"},"Duration":{"request":0,"total":1335,"response":0,"latency":393,"dns":2,"ssl":643,"connect":297},"Domain":"p.brsrvr.com","Latency":393}],"Recommendation":[{"ruleHeader":"Validate no. of requests in a page","Message":"Total no. of requests in the page:4.,No. of requests per page is within the industry standard","Recommendation":"none"},{"ruleHeader":"Leverage Browsing Cache","Message":"Url's without any expiry header:,https:\/\/shop.safeway.com\/api\/v1\/core\/Search_Results?search_type=keyword&ref_url=www.bloomique.com&_br_uid_2=uid=2952E485-E4E3-4FD9-B2C5-1EB989DC6B42:v=app:ts=1569495848:hc=2&rows=25&request_id=1569495848&auth_key=eyxny75nafpl1ra4&sort=&user_id=49122544511&q=milk&url=www.bloomique.com&fl=pid,id,upc,name,aisleId,departmentName,aisleName,shelfName,salesRank,price,basePrice,pricePer,unitOfMeasure,restrictedValue,sellByWeight,averageWeight,promoDescription,displayType,promoText,promoType,offerType&view_id=309&request_type=search&domain_key=albertsons&start=0&account_id=6175, https:\/\/p.brsrvr.com\/pix.gif?cookie2=uid%3D2952E485-E4E3-4FD9-B2C5-1EB989DC6B42%253Av%3Dapp%253Ats%3D1569495848%253Ahc%3D2&etype=submit&url=https%253A%252F%252Fsafeway.app&type=event&user_id=49122544511&group=suggest&q=milk&rand=1569495848&view_id=309&acct_id=6175, https:\/\/p.brsrvr.com\/pix.gif?cookie2=uid%3D2952E485-E4E3-4FD9-B2C5-1EB989DC6B42%253Av%3Dapp%253Ats%3D1569495848%253Ahc%3D2&ptype=search&type=pageview&user_id=49122544511&url=https%253A%252F%252Fsafeway.app%252Fsearch%252Fmilk&rand=1569495850&title=milk&view_id=309&acct_id=6175&search_term=milk&ref=https%253A%252F%252Fsafeway.com,Url's without cache control header:,https:\/\/shop.safeway.com\/api\/v1\/core\/Search_Results?search_type=keyword&ref_url=www.bloomique.com&_br_uid_2=uid=2952E485-E4E3-4FD9-B2C5-1EB989DC6B42:v=app:ts=1569495848:hc=2&rows=25&request_id=1569495848&auth_key=eyxny75nafpl1ra4&sort=&user_id=49122544511&q=milk&url=www.bloomique.com&fl=pid,id,upc,name,aisleId,departmentName,aisleName,shelfName,salesRank,price,basePrice,pricePer,unitOfMeasure,restrictedValue,sellByWeight,averageWeight,promoDescription,displayType,promoText,promoType,offerType&view_id=309&request_type=search&domain_key=albertsons&start=0&account_id=6175, https:\/\/p.brsrvr.com\/pix.gif?cookie2=uid%3D2952E485-E4E3-4FD9-B2C5-1EB989DC6B42%253Av%3Dapp%253Ats%3D1569495848%253Ahc%3D2&etype=submit&url=https%253A%252F%252Fsafeway.app&type=event&user_id=49122544511&group=suggest&q=milk&rand=1569495848&view_id=309&acct_id=6175, https:\/\/p.brsrvr.com\/pix.gif?cookie2=uid%3D2952E485-E4E3-4FD9-B2C5-1EB989DC6B42%253Av%3Dapp%253Ats%3D1569495848%253Ahc%3D2&ptype=search&type=pageview&user_id=49122544511&url=https%253A%252F%252Fsafeway.app%252Fsearch%252Fmilk&rand=1569495850&title=milk&view_id=309&acct_id=6175&search_term=milk&ref=https%253A%252F%252Fsafeway.com,","Recommendation":"For having a good caching startegy it is recoomended to have cache control and expires header for all the resources, Also as a best practice it is recommended that no resources to get 304 status"},{"ruleHeader":"Apply Compression Technique","Message":"No compression methodologies has been applied for the below URL's:,https:\/\/safeway.sc.omtrdc.net\/b\/ss\/sfsafewayprod1\/0\/OIP-4.14.1\/s93348096","Recommendation":"It is recommended to apply gzip\/deflate\/br compression techniques to the resources by which we can minimize the amount of data getting transferred"},{"ruleHeader":"Avoid Duplicate calls","Message":"none","Recommendation":"none"},{"ruleHeader":"Errorneous Requests","Message":"none","Recommendation":"none"},{"ruleHeader":"Avoid Redirects","Message":"none","Recommendation":"none"},{"ruleHeader":"Server time consuming","Message":"Response time for the below individual request is over 500ms:, https:\/\/shop.safeway.com\/api\/v1\/core\/Search_Results?search_type=keyword&ref_url=www.bloomique.com&_br_uid_2=uid=2952E485-E4E3-4FD9-B2C5-1EB989DC6B42:v=app:ts=1569495848:hc=2&rows=25&request_id=1569495848&auth_key=eyxny75nafpl1ra4&sort=&user_id=49122544511&q=milk&url=www.bloomique.com&fl=pid,id,upc,name,aisleId,departmentName,aisleName,shelfName,salesRank,price,basePrice,pricePer,unitOfMeasure,restrictedValue,sellByWeight,averageWeight,promoDescription,displayType,promoText,promoType,offerType&view_id=309&request_type=search&domain_key=albertsons&start=0&account_id=6175, https:\/\/p.brsrvr.com\/pix.gif?cookie2=uid%3D2952E485-E4E3-4FD9-B2C5-1EB989DC6B42%253Av%3Dapp%253Ats%3D1569495848%253Ahc%3D2&etype=submit&url=https%253A%252F%252Fsafeway.app&type=event&user_id=49122544511&group=suggest&q=milk&rand=1569495848&view_id=309&acct_id=6175, https:\/\/p.brsrvr.com\/pix.gif?cookie2=uid%3D2952E485-E4E3-4FD9-B2C5-1EB989DC6B42%253Av%3Dapp%253Ats%3D1569495848%253Ahc%3D2&ptype=search&type=pageview&user_id=49122544511&url=https%253A%252F%252Fsafeway.app%252Fsearch%252Fmilk&rand=1569495850&title=milk&view_id=309&acct_id=6175&search_term=milk&ref=https%253A%252F%252Fsafeway.com","Recommendation":"The requests seems to be time consuming from server\/network side. This needs to be profiled"},{"ruleHeader":"Combine CSS and JS","Message":"none","Recommendation":"none"}]}},{"UC1_T04_ShopAssile":{"NetworkDetails":[{"Status":"COMPLETE","ResponseSize":1519,"RequestedPage":"POST \/abs\/pub\/mobile\/ecom\/api\/getuserselectedslot HTTP\/2.0","STATUS":200,"RequestSize":1356,"ResponseTime":2001,"Time":{"requestBegin":"2019-09-26T16:34:37.217+05:30","start":"2019-09-26T16:34:37.217+05:30","responseBegin":"2019-09-26T16:34:39.217+05:30","end":"2019-09-26T16:34:39.218+05:30","requestComplete":"2019-09-26T16:34:37.218+05:30"},"Duration":{"request":1,"total":2001,"response":1,"latency":1999,"dns":null,"ssl":null,"connect":null},"Domain":"api-prod.safeway.com","Latency":1999},{"Status":"COMPLETE","ResponseSize":16159,"RequestedPage":"GET \/abs\/pub\/mobile\/ecom\/api\/aisle?storeId=309 HTTP\/2.0","STATUS":200,"RequestSize":1936,"ResponseTime":1765,"Time":{"requestBegin":"2019-09-26T16:34:43.793+05:30","start":"2019-09-26T16:34:43.792+05:30","responseBegin":"2019-09-26T16:34:45.222+05:30","end":"2019-09-26T16:34:45.557+05:30","requestComplete":"2019-09-26T16:34:43.794+05:30"},"Duration":{"request":1,"total":1764,"response":335,"latency":1428,"dns":null,"ssl":null,"connect":null},"Domain":"api-prod.safeway.com","Latency":1428},{"Status":"COMPLETE","ResponseSize":1,"RequestedPage":"POST \/b\/ss\/sfsafewayprod1\/0\/OIP-4.14.1\/s75825408 HTTP\/1.1","STATUS":200,"RequestSize":1295,"ResponseTime":88,"Time":{"requestBegin":"2019-09-26T16:34:43.792+05:30","start":"2019-09-26T16:34:43.792+05:30","responseBegin":"2019-09-26T16:34:43.880+05:30","end":"2019-09-26T16:34:43.880+05:30","requestComplete":"2019-09-26T16:34:43.793+05:30"},"Duration":{"request":1,"total":88,"response":0,"latency":87,"dns":null,"ssl":null,"connect":null},"Domain":"safeway.sc.omtrdc.net","Latency":87}],"Recommendation":[{"ruleHeader":"Validate no. of requests in a page","Message":"Total no. of requests in the page:3.,No. of requests per page is within the industry standard","Recommendation":"none"},{"ruleHeader":"Leverage Browsing Cache","Message":"Url's without any expiry header:,https:\/\/api-prod.safeway.com\/abs\/pub\/mobile\/ecom\/api\/getuserselectedslot, https:\/\/api-prod.safeway.com\/abs\/pub\/mobile\/ecom\/api\/aisle?storeId=309,Url's without cache control header:,https:\/\/api-prod.safeway.com\/abs\/pub\/mobile\/ecom\/api\/getuserselectedslot, https:\/\/api-prod.safeway.com\/abs\/pub\/mobile\/ecom\/api\/aisle?storeId=309,","Recommendation":"For having a good caching startegy it is recoomended to have cache control and expires header for all the resources, Also as a best practice it is recommended that no resources to get 304 status"},{"ruleHeader":"Apply Compression Technique","Message":"No compression methodologies has been applied for the below URL's:,https:\/\/api-prod.safeway.com\/abs\/pub\/mobile\/ecom\/api\/getuserselectedslot, https:\/\/api-prod.safeway.com\/abs\/pub\/mobile\/ecom\/api\/aisle?storeId=309, https:\/\/safeway.sc.omtrdc.net\/b\/ss\/sfsafewayprod1\/0\/OIP-4.14.1\/s75825408","Recommendation":"It is recommended to apply gzip\/deflate\/br compression techniques to the resources by which we can minimize the amount of data getting transferred"},{"ruleHeader":"Avoid Duplicate calls","Message":"none","Recommendation":"none"},{"ruleHeader":"Errorneous Requests","Message":"none","Recommendation":"none"},{"ruleHeader":"Avoid Redirects","Message":"none","Recommendation":"none"},{"ruleHeader":"Server time consuming","Message":"Response time for the below individual request is over 500ms:, https:\/\/api-prod.safeway.com\/abs\/pub\/mobile\/ecom\/api\/getuserselectedslot, https:\/\/api-prod.safeway.com\/abs\/pub\/mobile\/ecom\/api\/aisle?storeId=309","Recommendation":"The requests seems to be time consuming from server\/network side. This needs to be profiled"},{"ruleHeader":"Combine CSS and JS","Message":"none","Recommendation":"none"}]}},{"UC1_T05_ShopDeals":{"NetworkDetails":[{"Status":"COMPLETE","ResponseSize":1,"RequestedPage":"POST \/b\/ss\/sfsafewayprod1\/0\/OIP-4.14.1\/s79994880 HTTP\/1.1","STATUS":200,"RequestSize":1283,"ResponseTime":110,"Time":{"requestBegin":"2019-09-26T16:35:12.255+05:30","start":"2019-09-26T16:35:12.255+05:30","responseBegin":"2019-09-26T16:35:12.365+05:30","end":"2019-09-26T16:35:12.365+05:30","requestComplete":"2019-09-26T16:35:12.256+05:30"},"Duration":{"request":1,"total":110,"response":0,"latency":109,"dns":null,"ssl":null,"connect":null},"Domain":"safeway.sc.omtrdc.net","Latency":109}],"Recommendation":[{"ruleHeader":"Validate no. of requests in a page","Message":"Total no. of requests in the page:1.,No. of requests per page is within the industry standard","Recommendation":"none"},{"ruleHeader":"Leverage Browsing Cache","Message":"none","Recommendation":"none"},{"ruleHeader":"Apply Compression Technique","Message":"No compression methodologies has been applied for the below URL's:,https:\/\/safeway.sc.omtrdc.net\/b\/ss\/sfsafewayprod1\/0\/OIP-4.14.1\/s79994880","Recommendation":"It is recommended to apply gzip\/deflate\/br compression techniques to the resources by which we can minimize the amount of data getting transferred"},{"ruleHeader":"Avoid Duplicate calls","Message":"none","Recommendation":"none"},{"ruleHeader":"Errorneous Requests","Message":"none","Recommendation":"none"},{"ruleHeader":"Avoid Redirects","Message":"none","Recommendation":"none"},{"ruleHeader":"Server time consuming","Message":"none","Recommendation":"none"},{"ruleHeader":"Combine CSS and JS","Message":"none","Recommendation":"none"}]}},{"UC1_T06_AddToCart":{"NetworkDetails":[{"Status":"COMPLETE","ResponseSize":792,"RequestedPage":"GET \/abs\/pub\/mobile\/ecom\/api\/nextdeliveryslots?storeId=309 HTTP\/2.0","STATUS":200,"RequestSize":1816,"ResponseTime":2870,"Time":{"requestBegin":"2019-09-26T16:35:34.168+05:30","start":"2019-09-26T16:35:34.167+05:30","responseBegin":"2019-09-26T16:35:37.035+05:30","end":"2019-09-26T16:35:37.037+05:30","requestComplete":"2019-09-26T16:35:34.168+05:30"},"Duration":{"request":0,"total":2869,"response":2,"latency":2867,"dns":null,"ssl":null,"connect":null},"Domain":"api-prod.safeway.com","Latency":2867},{"Status":"COMPLETE","ResponseSize":1940,"RequestedPage":"POST \/abs\/pub\/mobile\/ecom\/api\/getuserselectedslot HTTP\/2.0","STATUS":200,"RequestSize":1046,"ResponseTime":3346,"Time":{"requestBegin":"2019-09-26T16:35:34.168+05:30","start":"2019-09-26T16:35:34.167+05:30","responseBegin":"2019-09-26T16:35:37.506+05:30","end":"2019-09-26T16:35:37.513+05:30","requestComplete":"2019-09-26T16:35:34.168+05:30"},"Duration":{"request":0,"total":3345,"response":7,"latency":3338,"dns":null,"ssl":null,"connect":null},"Domain":"api-prod.safeway.com","Latency":3338},{"Status":"COMPLETE","ResponseSize":957,"RequestedPage":"GET \/abs\/pub\/mobile\/ecom\/api\/Product\/184070124 HTTP\/2.0","STATUS":200,"RequestSize":1980,"ResponseTime":1502,"Time":{"requestBegin":"2019-09-26T16:35:40.007+05:30","start":"2019-09-26T16:35:40.006+05:30","responseBegin":"2019-09-26T16:35:41.507+05:30","end":"2019-09-26T16:35:41.508+05:30","requestComplete":"2019-09-26T16:35:40.008+05:30"},"Duration":{"request":1,"total":1501,"response":1,"latency":1499,"dns":null,"ssl":null,"connect":null},"Domain":"api-prod.safeway.com","Latency":1499},{"Status":"COMPLETE","ResponseSize":1448,"RequestedPage":"GET \/abs\/pub\/mobile\/ecom\/api\/Product\/108200131 HTTP\/2.0","STATUS":200,"RequestSize":1340,"ResponseTime":868,"Time":{"requestBegin":"2019-09-26T16:35:40.008+05:30","start":"2019-09-26T16:35:40.006+05:30","responseBegin":"2019-09-26T16:35:40.873+05:30","end":"2019-09-26T16:35:40.874+05:30","requestComplete":"2019-09-26T16:35:40.008+05:30"},"Duration":{"request":0,"total":866,"response":1,"latency":865,"dns":null,"ssl":null,"connect":null},"Domain":"api-prod.safeway.com","Latency":865},{"Status":"COMPLETE","ResponseSize":1342,"RequestedPage":"GET \/abs\/pub\/mobile\/ecom\/api\/Product\/108200133 HTTP\/2.0","STATUS":200,"RequestSize":1088,"ResponseTime":1572,"Time":{"requestBegin":"2019-09-26T16:35:40.060+05:30","start":"2019-09-26T16:35:40.059+05:30","responseBegin":"2019-09-26T16:35:41.625+05:30","end":"2019-09-26T16:35:41.631+05:30","requestComplete":"2019-09-26T16:35:40.060+05:30"},"Duration":{"request":0,"total":1571,"response":6,"latency":1565,"dns":null,"ssl":null,"connect":null},"Domain":"api-prod.safeway.com","Latency":1565},{"Status":"COMPLETE","ResponseSize":2229,"RequestedPage":"GET \/abs\/pub\/mobile\/ecom\/api\/Product\/108200411 HTTP\/2.0","STATUS":200,"RequestSize":1076,"ResponseTime":1086,"Time":{"requestBegin":"2019-09-26T16:35:40.415+05:30","start":"2019-09-26T16:35:40.415+05:30","responseBegin":"2019-09-26T16:35:41.500+05:30","end":"2019-09-26T16:35:41.501+05:30","requestComplete":"2019-09-26T16:35:40.416+05:30"},"Duration":{"request":1,"total":1086,"response":1,"latency":1084,"dns":null,"ssl":null,"connect":null},"Domain":"api-prod.safeway.com","Latency":1084},{"Status":"COMPLETE","ResponseSize":1350,"RequestedPage":"GET \/abs\/pub\/mobile\/ecom\/api\/Product\/108200133 HTTP\/2.0","STATUS":200,"RequestSize":1910,"ResponseTime":824,"Time":{"requestBegin":"2019-09-26T16:35:41.336+05:30","start":"2019-09-26T16:35:41.336+05:30","responseBegin":"2019-09-26T16:35:42.160+05:30","end":"2019-09-26T16:35:42.160+05:30","requestComplete":"2019-09-26T16:35:41.337+05:30"},"Duration":{"request":1,"total":824,"response":0,"latency":823,"dns":null,"ssl":null,"connect":null},"Domain":"api-prod.safeway.com","Latency":823},{"Status":"COMPLETE","ResponseSize":1372,"RequestedPage":"GET \/abs\/pub\/mobile\/ecom\/api\/Product\/108200133 HTTP\/2.0","STATUS":200,"RequestSize":1045,"ResponseTime":842,"Time":{"requestBegin":"2019-09-26T16:35:41.539+05:30","start":"2019-09-26T16:35:41.538+05:30","responseBegin":"2019-09-26T16:35:42.380+05:30","end":"2019-09-26T16:35:42.380+05:30","requestComplete":"2019-09-26T16:35:41.539+05:30"},"Duration":{"request":0,"total":841,"response":0,"latency":841,"dns":null,"ssl":null,"connect":null},"Domain":"api-prod.safeway.com","Latency":841},{"Status":"COMPLETE","ResponseSize":1350,"RequestedPage":"GET \/abs\/pub\/mobile\/ecom\/api\/Product\/108200133 HTTP\/2.0","STATUS":200,"RequestSize":1045,"ResponseTime":1312,"Time":{"requestBegin":"2019-09-26T16:35:41.558+05:30","start":"2019-09-26T16:35:41.558+05:30","responseBegin":"2019-09-26T16:35:42.869+05:30","end":"2019-09-26T16:35:42.870+05:30","requestComplete":"2019-09-26T16:35:41.559+05:30"},"Duration":{"request":1,"total":1312,"response":1,"latency":1310,"dns":null,"ssl":null,"connect":null},"Domain":"api-prod.safeway.com","Latency":1310},{"Status":"COMPLETE","ResponseSize":1484,"RequestedPage":"GET \/abs\/pub\/mobile\/ecom\/api\/Product\/960162246 HTTP\/2.0","STATUS":200,"RequestSize":1941,"ResponseTime":914,"Time":{"requestBegin":"2019-09-26T16:35:41.952+05:30","start":"2019-09-26T16:35:41.951+05:30","responseBegin":"2019-09-26T16:35:42.865+05:30","end":"2019-09-26T16:35:42.865+05:30","requestComplete":"2019-09-26T16:35:41.952+05:30"},"Duration":{"request":0,"total":913,"response":0,"latency":913,"dns":null,"ssl":null,"connect":null},"Domain":"api-prod.safeway.com","Latency":913},{"Status":"COMPLETE","ResponseSize":1506,"RequestedPage":"GET \/abs\/pub\/mobile\/ecom\/api\/Product\/960162246 HTTP\/2.0","STATUS":200,"RequestSize":1045,"ResponseTime":876,"Time":{"requestBegin":"2019-09-26T16:35:42.759+05:30","start":"2019-09-26T16:35:42.759+05:30","responseBegin":"2019-09-26T16:35:43.634+05:30","end":"2019-09-26T16:35:43.635+05:30","requestComplete":"2019-09-26T16:35:42.760+05:30"},"Duration":{"request":1,"total":876,"response":1,"latency":874,"dns":null,"ssl":null,"connect":null},"Domain":"api-prod.safeway.com","Latency":874},{"Status":"COMPLETE","ResponseSize":2176,"RequestedPage":"POST \/abs\/pub\/mobile\/ecom\/api\/Cart HTTP\/2.0","STATUS":200,"RequestSize":2293,"ResponseTime":965,"Time":{"requestBegin":"2019-09-26T16:35:44.250+05:30","start":"2019-09-26T16:35:44.249+05:30","responseBegin":"2019-09-26T16:35:45.213+05:30","end":"2019-09-26T16:35:45.214+05:30","requestComplete":"2019-09-26T16:35:44.250+05:30"},"Duration":{"request":0,"total":964,"response":1,"latency":963,"dns":null,"ssl":null,"connect":null},"Domain":"api-prod.safeway.com","Latency":963},{"Status":"COMPLETE","ResponseSize":43,"RequestedPage":"GET \/pix.gif?cookie2=uid%3D2952E485-E4E3-4FD9-B2C5-1EB989DC6B42%253Av%3Dapp%253Ats%3D1569495848%253Ahc%3D2&etype=click-add&url=https%253A%252F%252Fsafeway.app&user_id=49122544511&type=event&group=cart&prod_id=108200131&rand=1569495944&view_id=309&acct_id=6175&prod_name=ARROWHEAD%2520Mountain%2520Spring%2520Water%2520-%252024-16.9%2520Fl.%2520Oz. HTTP\/1.1","STATUS":200,"RequestSize":903,"ResponseTime":1393,"Time":{"requestBegin":"2019-09-26T16:35:45.355+05:30","start":"2019-09-26T16:35:44.250+05:30","responseBegin":"2019-09-26T16:35:45.643+05:30","end":"2019-09-26T16:35:45.643+05:30","requestComplete":"2019-09-26T16:35:45.356+05:30"},"Duration":{"request":1,"total":1362,"response":0,"latency":287,"dns":205,"ssl":576,"connect":293},"Domain":"p.brsrvr.com","Latency":287},{"Status":"COMPLETE","ResponseSize":1,"RequestedPage":"POST \/b\/ss\/sfsafewayprod1\/0\/OIP-4.14.1\/s18923520 HTTP\/1.1","STATUS":200,"RequestSize":1480,"ResponseTime":81,"Time":{"requestBegin":"2019-09-26T16:35:44.256+05:30","start":"2019-09-26T16:35:44.255+05:30","responseBegin":"2019-09-26T16:35:44.336+05:30","end":"2019-09-26T16:35:44.336+05:30","requestComplete":"2019-09-26T16:35:44.256+05:30"},"Duration":{"request":0,"total":80,"response":0,"latency":80,"dns":null,"ssl":null,"connect":null},"Domain":"safeway.sc.omtrdc.net","Latency":80}],"Recommendation":[{"ruleHeader":"Validate no. of requests in a page","Message":"Total no. of requests in the page:14.,Consider reducing total no. of resources getting downloaded","Recommendation":"If possible combine multiple js\/css files from same domain to single js\/css. CSS spriting for images also reduces the no. of network calls"},{"ruleHeader":"Leverage Browsing Cache","Message":"Url's without any expiry header:,https:\/\/api-prod.safeway.com\/abs\/pub\/mobile\/ecom\/api\/nextdeliveryslots?storeId=309, https:\/\/api-prod.safeway.com\/abs\/pub\/mobile\/ecom\/api\/getuserselectedslot, https:\/\/api-prod.safeway.com\/abs\/pub\/mobile\/ecom\/api\/Product\/184070124, https:\/\/api-prod.safeway.com\/abs\/pub\/mobile\/ecom\/api\/Product\/108200131, https:\/\/api-prod.safeway.com\/abs\/pub\/mobile\/ecom\/api\/Product\/108200133, https:\/\/api-prod.safeway.com\/abs\/pub\/mobile\/ecom\/api\/Product\/108200411, https:\/\/api-prod.safeway.com\/abs\/pub\/mobile\/ecom\/api\/Product\/108200133, https:\/\/api-prod.safeway.com\/abs\/pub\/mobile\/ecom\/api\/Product\/108200133, https:\/\/api-prod.safeway.com\/abs\/pub\/mobile\/ecom\/api\/Product\/108200133, https:\/\/api-prod.safeway.com\/abs\/pub\/mobile\/ecom\/api\/Product\/960162246, https:\/\/api-prod.safeway.com\/abs\/pub\/mobile\/ecom\/api\/Product\/960162246, https:\/\/api-prod.safeway.com\/abs\/pub\/mobile\/ecom\/api\/Cart, https:\/\/p.brsrvr.com\/pix.gif?cookie2=uid%3D2952E485-E4E3-4FD9-B2C5-1EB989DC6B42%253Av%3Dapp%253Ats%3D1569495848%253Ahc%3D2&etype=click-add&url=https%253A%252F%252Fsafeway.app&user_id=49122544511&type=event&group=cart&prod_id=108200131&rand=1569495944&view_id=309&acct_id=6175&prod_name=ARROWHEAD%2520Mountain%2520Spring%2520Water%2520-%252024-16.9%2520Fl.%2520Oz.,Url's without cache control header:,https:\/\/api-prod.safeway.com\/abs\/pub\/mobile\/ecom\/api\/nextdeliveryslots?storeId=309, https:\/\/api-prod.safeway.com\/abs\/pub\/mobile\/ecom\/api\/getuserselectedslot, https:\/\/api-prod.safeway.com\/abs\/pub\/mobile\/ecom\/api\/Product\/184070124, https:\/\/api-prod.safeway.com\/abs\/pub\/mobile\/ecom\/api\/Product\/108200131, https:\/\/api-prod.safeway.com\/abs\/pub\/mobile\/ecom\/api\/Product\/108200133, https:\/\/api-prod.safeway.com\/abs\/pub\/mobile\/ecom\/api\/Product\/108200411, https:\/\/api-prod.safeway.com\/abs\/pub\/mobile\/ecom\/api\/Product\/108200133, https:\/\/api-prod.safeway.com\/abs\/pub\/mobile\/ecom\/api\/Product\/108200133, https:\/\/api-prod.safeway.com\/abs\/pub\/mobile\/ecom\/api\/Product\/108200133, https:\/\/api-prod.safeway.com\/abs\/pub\/mobile\/ecom\/api\/Product\/960162246, https:\/\/api-prod.safeway.com\/abs\/pub\/mobile\/ecom\/api\/Product\/960162246, https:\/\/api-prod.safeway.com\/abs\/pub\/mobile\/ecom\/api\/Cart, https:\/\/p.brsrvr.com\/pix.gif?cookie2=uid%3D2952E485-E4E3-4FD9-B2C5-1EB989DC6B42%253Av%3Dapp%253Ats%3D1569495848%253Ahc%3D2&etype=click-add&url=https%253A%252F%252Fsafeway.app&user_id=49122544511&type=event&group=cart&prod_id=108200131&rand=1569495944&view_id=309&acct_id=6175&prod_name=ARROWHEAD%2520Mountain%2520Spring%2520Water%2520-%252024-16.9%2520Fl.%2520Oz.,","Recommendation":"For having a good caching startegy it is recoomended to have cache control and expires header for all the resources, Also as a best practice it is recommended that no resources to get 304 status"},{"ruleHeader":"Apply Compression Technique","Message":"No compression methodologies has been applied for the below URL's:,https:\/\/api-prod.safeway.com\/abs\/pub\/mobile\/ecom\/api\/nextdeliveryslots?storeId=309, https:\/\/api-prod.safeway.com\/abs\/pub\/mobile\/ecom\/api\/getuserselectedslot, https:\/\/api-prod.safeway.com\/abs\/pub\/mobile\/ecom\/api\/Product\/184070124, https:\/\/api-prod.safeway.com\/abs\/pub\/mobile\/ecom\/api\/Product\/108200131, https:\/\/api-prod.safeway.com\/abs\/pub\/mobile\/ecom\/api\/Product\/108200133, https:\/\/api-prod.safeway.com\/abs\/pub\/mobile\/ecom\/api\/Product\/108200411, https:\/\/api-prod.safeway.com\/abs\/pub\/mobile\/ecom\/api\/Product\/108200133, https:\/\/api-prod.safeway.com\/abs\/pub\/mobile\/ecom\/api\/Product\/108200133, https:\/\/api-prod.safeway.com\/abs\/pub\/mobile\/ecom\/api\/Product\/108200133, https:\/\/api-prod.safeway.com\/abs\/pub\/mobile\/ecom\/api\/Product\/960162246, https:\/\/api-prod.safeway.com\/abs\/pub\/mobile\/ecom\/api\/Product\/960162246, https:\/\/api-prod.safeway.com\/abs\/pub\/mobile\/ecom\/api\/Cart, https:\/\/safeway.sc.omtrdc.net\/b\/ss\/sfsafewayprod1\/0\/OIP-4.14.1\/s18923520","Recommendation":"It is recommended to apply gzip\/deflate\/br compression techniques to the resources by which we can minimize the amount of data getting transferred"},{"ruleHeader":"Avoid Duplicate calls","Message":"Below duplicate calls were observed:,https:\/\/api-prod.safeway.com\/abs\/pub\/mobile\/ecom\/api\/Product\/108200133, https:\/\/api-prod.safeway.com\/abs\/pub\/mobile\/ecom\/api\/Product\/108200133, https:\/\/api-prod.safeway.com\/abs\/pub\/mobile\/ecom\/api\/Product\/108200133, https:\/\/api-prod.safeway.com\/abs\/pub\/mobile\/ecom\/api\/Product\/960162246","Recommendation":"Duplicate call needs to be avoided. Remove unnecessary network calls"},{"ruleHeader":"Errorneous Requests","Message":"none","Recommendation":"none"},{"ruleHeader":"Avoid Redirects","Message":"none","Recommendation":"none"},{"ruleHeader":"Server time consuming","Message":"Response time for the below individual request is over 500ms:, https:\/\/api-prod.safeway.com\/abs\/pub\/mobile\/ecom\/api\/nextdeliveryslots?storeId=309, https:\/\/api-prod.safeway.com\/abs\/pub\/mobile\/ecom\/api\/getuserselectedslot, https:\/\/api-prod.safeway.com\/abs\/pub\/mobile\/ecom\/api\/Product\/184070124, https:\/\/api-prod.safeway.com\/abs\/pub\/mobile\/ecom\/api\/Product\/108200131, https:\/\/api-prod.safeway.com\/abs\/pub\/mobile\/ecom\/api\/Product\/108200133, https:\/\/api-prod.safeway.com\/abs\/pub\/mobile\/ecom\/api\/Product\/108200411, https:\/\/api-prod.safeway.com\/abs\/pub\/mobile\/ecom\/api\/Product\/108200133, https:\/\/api-prod.safeway.com\/abs\/pub\/mobile\/ecom\/api\/Product\/108200133, https:\/\/api-prod.safeway.com\/abs\/pub\/mobile\/ecom\/api\/Product\/108200133, https:\/\/api-prod.safeway.com\/abs\/pub\/mobile\/ecom\/api\/Product\/960162246, https:\/\/api-prod.safeway.com\/abs\/pub\/mobile\/ecom\/api\/Product\/960162246, https:\/\/api-prod.safeway.com\/abs\/pub\/mobile\/ecom\/api\/Cart, https:\/\/p.brsrvr.com\/pix.gif?cookie2=uid%3D2952E485-E4E3-4FD9-B2C5-1EB989DC6B42%253Av%3Dapp%253Ats%3D1569495848%253Ahc%3D2&etype=click-add&url=https%253A%252F%252Fsafeway.app&user_id=49122544511&type=event&group=cart&prod_id=108200131&rand=1569495944&view_id=309&acct_id=6175&prod_name=ARROWHEAD%2520Mountain%2520Spring%2520Water%2520-%252024-16.9%2520Fl.%2520Oz.","Recommendation":"The requests seems to be time consuming from server\/network side. This needs to be profiled"},{"ruleHeader":"Combine CSS and JS","Message":"none","Recommendation":"none"}]}},{"UC1_T07_ShopViewCart":{"NetworkDetails":[{"Status":"COMPLETE","ResponseSize":2160,"RequestedPage":"GET \/abs\/pub\/mobile\/ecom\/api\/Cart HTTP\/2.0","STATUS":200,"RequestSize":1965,"ResponseTime":1379,"Time":{"requestBegin":"2019-09-26T16:36:18.420+05:30","start":"2019-09-26T16:36:18.419+05:30","responseBegin":"2019-09-26T16:36:19.795+05:30","end":"2019-09-26T16:36:19.798+05:30","requestComplete":"2019-09-26T16:36:18.420+05:30"},"Duration":{"request":0,"total":1378,"response":3,"latency":1375,"dns":null,"ssl":null,"connect":null},"Domain":"api-prod.safeway.com","Latency":1375},{"Status":"COMPLETE","ResponseSize":808,"RequestedPage":"GET \/abs\/pub\/mobile\/ecom\/api\/cart\/getcartsummary HTTP\/2.0","STATUS":200,"RequestSize":1943,"ResponseTime":876,"Time":{"requestBegin":"2019-09-26T16:36:19.865+05:30","start":"2019-09-26T16:36:19.864+05:30","responseBegin":"2019-09-26T16:36:20.739+05:30","end":"2019-09-26T16:36:20.740+05:30","requestComplete":"2019-09-26T16:36:19.866+05:30"},"Duration":{"request":1,"total":875,"response":1,"latency":873,"dns":null,"ssl":null,"connect":null},"Domain":"api-prod.safeway.com","Latency":873},{"Status":"COMPLETE","ResponseSize":1,"RequestedPage":"POST \/b\/ss\/sfsafewayprod1\/0\/OIP-4.14.1\/s91553792 HTTP\/1.1","STATUS":200,"RequestSize":1536,"ResponseTime":430,"Time":{"requestBegin":"2019-09-26T16:36:20.312+05:30","start":"2019-09-26T16:36:19.980+05:30","responseBegin":"2019-09-26T16:36:20.410+05:30","end":"2019-09-26T16:36:20.410+05:30","requestComplete":"2019-09-26T16:36:20.312+05:30"},"Duration":{"request":0,"total":405,"response":0,"latency":98,"dns":2,"ssl":179,"connect":126},"Domain":"safeway.sc.omtrdc.net","Latency":98},{"Status":"COMPLETE","ResponseSize":1,"RequestedPage":"POST \/b\/ss\/sfsafewayprod1\/0\/OIP-4.14.1\/s85049600 HTTP\/1.1","STATUS":200,"RequestSize":1334,"ResponseTime":83,"Time":{"requestBegin":"2019-09-26T16:36:20.872+05:30","start":"2019-09-26T16:36:20.872+05:30","responseBegin":"2019-09-26T16:36:20.954+05:30","end":"2019-09-26T16:36:20.955+05:30","requestComplete":"2019-09-26T16:36:20.873+05:30"},"Duration":{"request":1,"total":83,"response":1,"latency":81,"dns":null,"ssl":null,"connect":null},"Domain":"safeway.sc.omtrdc.net","Latency":81}],"Recommendation":[{"ruleHeader":"Validate no. of requests in a page","Message":"Total no. of requests in the page:4.,No. of requests per page is within the industry standard","Recommendation":"none"},{"ruleHeader":"Leverage Browsing Cache","Message":"Url's without any expiry header:,https:\/\/api-prod.safeway.com\/abs\/pub\/mobile\/ecom\/api\/Cart, https:\/\/api-prod.safeway.com\/abs\/pub\/mobile\/ecom\/api\/cart\/getcartsummary,Url's without cache control header:,https:\/\/api-prod.safeway.com\/abs\/pub\/mobile\/ecom\/api\/Cart, https:\/\/api-prod.safeway.com\/abs\/pub\/mobile\/ecom\/api\/cart\/getcartsummary,","Recommendation":"For having a good caching startegy it is recoomended to have cache control and expires header for all the resources, Also as a best practice it is recommended that no resources to get 304 status"},{"ruleHeader":"Apply Compression Technique","Message":"No compression methodologies has been applied for the below URL's:,https:\/\/api-prod.safeway.com\/abs\/pub\/mobile\/ecom\/api\/Cart, https:\/\/api-prod.safeway.com\/abs\/pub\/mobile\/ecom\/api\/cart\/getcartsummary, https:\/\/safeway.sc.omtrdc.net\/b\/ss\/sfsafewayprod1\/0\/OIP-4.14.1\/s91553792, https:\/\/safeway.sc.omtrdc.net\/b\/ss\/sfsafewayprod1\/0\/OIP-4.14.1\/s85049600","Recommendation":"It is recommended to apply gzip\/deflate\/br compression techniques to the resources by which we can minimize the amount of data getting transferred"},{"ruleHeader":"Avoid Duplicate calls","Message":"none","Recommendation":"none"},{"ruleHeader":"Errorneous Requests","Message":"none","Recommendation":"none"},{"ruleHeader":"Avoid Redirects","Message":"none","Recommendation":"none"},{"ruleHeader":"Server time consuming","Message":"Response time for the below individual request is over 500ms:, https:\/\/api-prod.safeway.com\/abs\/pub\/mobile\/ecom\/api\/Cart, https:\/\/api-prod.safeway.com\/abs\/pub\/mobile\/ecom\/api\/cart\/getcartsummary","Recommendation":"The requests seems to be time consuming from server\/network side. This needs to be profiled"},{"ruleHeader":"Combine CSS and JS","Message":"none","Recommendation":"none"}]}},{"UC1_T08_ShopCheckOut":{"NetworkDetails":[{"Status":"COMPLETE","ResponseSize":1,"RequestedPage":"POST \/b\/ss\/sfsafewayprod1\/0\/OIP-4.14.1\/s3227648 HTTP\/1.1","STATUS":200,"RequestSize":1341,"ResponseTime":103,"Time":{"requestBegin":"2019-09-26T16:36:46.044+05:30","start":"2019-09-26T16:36:46.044+05:30","responseBegin":"2019-09-26T16:36:46.147+05:30","end":"2019-09-26T16:36:46.147+05:30","requestComplete":"2019-09-26T16:36:46.047+05:30"},"Duration":{"request":3,"total":103,"response":0,"latency":100,"dns":null,"ssl":null,"connect":null},"Domain":"safeway.sc.omtrdc.net","Latency":100},{"Status":"COMPLETE","ResponseSize":2294,"RequestedPage":"POST \/ecom\/api\/modern1\/route HTTP\/1.1","STATUS":200,"RequestSize":1928,"ResponseTime":3223,"Time":{"requestBegin":"2019-09-26T16:36:47.603+05:30","start":"2019-09-26T16:36:46.108+05:30","responseBegin":"2019-09-26T16:36:49.330+05:30","end":"2019-09-26T16:36:49.331+05:30","requestComplete":"2019-09-26T16:36:47.604+05:30"},"Duration":{"request":1,"total":3059,"response":1,"latency":1726,"dns":519,"ssl":362,"connect":450},"Domain":"shop.safeway.com","Latency":1726},{"Status":"COMPLETE","ResponseSize":82390,"RequestedPage":"GET \/ecom\/checkout\/modern1\/clientcheckout?adobe_mc=TS%3D1569496009%7CMCMID%3D53123840980393473835417171344688416627%7CMCORGID%3DA7BF3BC75245ADF20A490D4D%2540AdobeOrg&adobe_mc=TS%3D1569496009%7CMCMID%3D53123840980393473835417171344688416627%7CMCORGID%3DA7BF3BC75245ADF20A490D4D%2540AdobeOrg HTTP\/1.1","STATUS":200,"RequestSize":2648,"ResponseTime":3363,"Time":{"requestBegin":"2019-09-26T16:36:49.561+05:30","start":"2019-09-26T16:36:49.560+05:30","responseBegin":"2019-09-26T16:36:51.275+05:30","end":"2019-09-26T16:36:52.923+05:30","requestComplete":"2019-09-26T16:36:49.561+05:30"},"Duration":{"request":0,"total":3362,"response":1648,"latency":1714,"dns":null,"ssl":null,"connect":null},"Domain":"shop.safeway.com","Latency":1714},{"Status":"COMPLETE","ResponseSize":49,"RequestedPage":"GET \/id?d_visid_ver=4.3.0&d_fieldgroup=A&mcorgid=A7BF3BC75245ADF20A490D4D%40AdobeOrg&mid=53123840980393473835417171344688416627&ts=1569496011582 HTTP\/1.1","STATUS":200,"RequestSize":1854,"ResponseTime":749,"Time":{"requestBegin":"2019-09-26T16:36:52.177+05:30","start":"2019-09-26T16:36:51.514+05:30","responseBegin":"2019-09-26T16:36:52.262+05:30","end":"2019-09-26T16:36:52.263+05:30","requestComplete":"2019-09-26T16:36:52.177+05:30"},"Duration":{"request":0,"total":668,"response":1,"latency":85,"dns":210,"ssl":234,"connect":138},"Domain":"stats.safeway.com","Latency":85},{"Status":"COMPLETE","ResponseSize":424,"RequestedPage":"GET \/abs\/pub\/web\/ecom\/api\/v1\/orderlight HTTP\/1.1","STATUS":200,"RequestSize":5904,"ResponseTime":2551,"Time":{"requestBegin":"2019-09-26T16:36:52.286+05:30","start":"2019-09-26T16:36:51.591+05:30","responseBegin":"2019-09-26T16:36:54.141+05:30","end":"2019-09-26T16:36:54.142+05:30","requestComplete":"2019-09-26T16:36:52.286+05:30"},"Duration":{"request":0,"total":2525,"response":1,"latency":1855,"dns":2,"ssl":331,"connect":336},"Domain":"shop.safeway.com","Latency":1855},{"Status":"COMPLETE","ResponseSize":0,"RequestedPage":"GET \/cm\/dd?d_uuid=48362453008989516994722308881126936023 HTTP\/1.1","STATUS":302,"RequestSize":693,"ResponseTime":595,"Time":{"requestBegin":"2019-09-26T16:36:54.730+05:30","start":"2019-09-26T16:36:54.250+05:30","responseBegin":"2019-09-26T16:36:54.844+05:30","end":"2019-09-26T16:36:54.845+05:30","requestComplete":"2019-09-26T16:36:54.730+05:30"},"Duration":{"request":0,"total":527,"response":1,"latency":114,"dns":37,"ssl":240,"connect":135},"Domain":"cm.everesttech.net","Latency":114},{"Status":"COMPLETE","ResponseSize":2764,"RequestedPage":"GET \/dest5.html?d_nsid=0 HTTP\/1.1","STATUS":200,"RequestSize":716,"ResponseTime":583,"Time":{"requestBegin":"2019-09-26T16:36:54.752+05:30","start":"2019-09-26T16:36:54.250+05:30","responseBegin":"2019-09-26T16:36:54.832+05:30","end":"2019-09-26T16:36:54.833+05:30","requestComplete":"2019-09-26T16:36:54.752+05:30"},"Duration":{"request":0,"total":533,"response":1,"latency":80,"dns":196,"ssl":161,"connect":95},"Domain":"safewayinc.demdex.net","Latency":80},{"Status":"COMPLETE","ResponseSize":4028,"RequestedPage":"GET \/abs\/pub\/web\/ecom\/api\/account\/OB\/deliverypreferences HTTP\/1.1","STATUS":200,"RequestSize":6367,"ResponseTime":1166,"Time":{"requestBegin":"2019-09-26T16:36:54.321+05:30","start":"2019-09-26T16:36:54.321+05:30","responseBegin":"2019-09-26T16:36:55.486+05:30","end":"2019-09-26T16:36:55.487+05:30","requestComplete":"2019-09-26T16:36:54.322+05:30"},"Duration":{"request":1,"total":1166,"response":1,"latency":1164,"dns":null,"ssl":null,"connect":null},"Domain":"shop.safeway.com","Latency":1164},{"Status":"COMPLETE","ResponseSize":5485,"RequestedPage":"GET \/m2\/safewayinc\/mbox\/json?mbox=web-global-mbox&mboxSession=af38a43a2521484cb0e55535e6ebe60e&mboxPC=&mboxPage=163d820b292040d29a5a16b6130d207f&mboxRid=d8abec96f5a5442d8f2a870febc88501&mboxVersion=1.3.0&mboxCount=1&mboxTime=1569515811602&mboxHost=shop.safeway.com&mboxURL=https%3A%2F%2Fshop.safeway.com%2Fecom%2Fcheckout%2Fmodern1%2Fclientcheckout%3Fadobe_mc%3DTS%253D1569496009%257CMCMID%253D53123840980393473835417171344688416627%257CMCORGID%253DA7BF3BC75245ADF20A490D4D%252540AdobeOrg%26adobe_mc%3DTS%253D1569496009%257CMCMID%253D53123840980393473835417171344688416627%257CMCORGID%253DA7BF3BC75245ADF20A490D4D%252540AdobeOrg&mboxReferrer=&browserHeight=603&browserWidth=375&browserTimeOffset=330&screenHeight=667&screenWidth=375&colorDepth=32&info.SHOP.userType=PAH&info.SHOP.storeId=309&info.SHOP.zipcode=94536&info.SHOP.banner=Safeway&info.SHOP.userData.orderCount=0&info.SHOP.userData.deliveryPreference=Attended%20Delivery&platform=mobile&osType=ios&mboxMCSDID=45DA2B6BB7A97892-7300AB69A7D784C4&vst.trks=stats.safeway.com HTTP\/2.0","STATUS":200,"RequestSize":1152,"ResponseTime":91,"Time":{"requestBegin":"2019-09-26T16:36:54.626+05:30","start":"2019-09-26T16:36:54.625+05:30","responseBegin":"2019-09-26T16:36:54.713+05:30","end":"2019-09-26T16:36:54.716+05:30","requestComplete":"2019-09-26T16:36:54.627+05:30"},"Duration":{"request":1,"total":413,"response":3,"latency":86,"dns":66,"ssl":160,"connect":97},"Domain":"safewayinc.tt.omtrdc.net","Latency":86},{"Status":"COMPLETE","ResponseSize":1502,"RequestedPage":"POST \/abs\/pub\/web\/ecom\/api\/v1\/slots?_dc=139349431 HTTP\/1.1","STATUS":200,"RequestSize":6457,"ResponseTime":2315,"Time":{"requestBegin":"2019-09-26T16:36:55.543+05:30","start":"2019-09-26T16:36:55.542+05:30","responseBegin":"2019-09-26T16:36:57.856+05:30","end":"2019-09-26T16:36:57.857+05:30","requestComplete":"2019-09-26T16:36:55.545+05:30"},"Duration":{"request":2,"total":2314,"response":1,"latency":2311,"dns":null,"ssl":null,"connect":null},"Domain":"shop.safeway.com","Latency":2311},{"Status":"COMPLETE","ResponseSize":200,"RequestedPage":"GET \/abs\/pub\/web\/ecom\/api\/v1\/orderinfo HTTP\/1.1","STATUS":200,"RequestSize":6321,"ResponseTime":955,"Time":{"requestBegin":"2019-09-26T16:36:55.543+05:30","start":"2019-09-26T16:36:55.543+05:30","responseBegin":"2019-09-26T16:36:56.498+05:30","end":"2019-09-26T16:36:56.498+05:30","requestComplete":"2019-09-26T16:36:55.545+05:30"},"Duration":{"request":2,"total":955,"response":0,"latency":953,"dns":null,"ssl":null,"connect":null},"Domain":"shop.safeway.com","Latency":953},{"Status":"COMPLETE","ResponseSize":291,"RequestedPage":"GET \/abs\/pub\/web\/ecom\/api\/v1\/itempreferences HTTP\/1.1","STATUS":200,"RequestSize":6327,"ResponseTime":3262,"Time":{"requestBegin":"2019-09-26T16:36:56.416+05:30","start":"2019-09-26T16:36:55.549+05:30","responseBegin":"2019-09-26T16:36:58.810+05:30","end":"2019-09-26T16:36:58.811+05:30","requestComplete":"2019-09-26T16:36:56.416+05:30"},"Duration":{"request":0,"total":3224,"response":1,"latency":2394,"dns":2,"ssl":409,"connect":418},"Domain":"shop.safeway.com","Latency":2394},{"Status":"COMPLETE","ResponseSize":43,"RequestedPage":"GET \/b\/ss\/sfsafewayprod1\/1\/JS-2.16.0-D7QN\/s31281808073925?AQB=1&ndh=1&pf=1&t=26%2F8%2F2019%2016%3A36%3A55%204%20-330&sdid=45DA2B6BB7A97892-7300AB69A7D784C4&D=D%3Dg&mid=53123840980393473835417171344688416627&aamlh=12&ce=UTF-8&pageName=safeway%3Ahomegrocerydelivery%3Acheckout%3Adelivery%20date%20and%20time&g=https%3A%2F%2Fshop.safeway.com%2Fecom%2Fcheckout%2Fmodern1%2Fclientcheckout%3Fadobe_mc%3DTS%253D1569496009%257CMCMID%253D53123840980393473835417171344688416627%257CMCORGID%253DA7BF3BC75245ADF20A490D4D%252540AdobeOrg%26adobe_mc%3DTS%253D1569496009%257CMCMID%253D5312384098039347383541717134468841&ch=homegrocerydelivery&events=event7%2CscCheckout%2Cevent308&aamb=j8Odv6LonN4r3an7LhD3WZrU1bUpAkFkkiY1ncBR96t2PTI&c4=New&v4=safeway&v5=safeway%3Ahomegrocerydelivery%3Acheckout%3Adelivery%20date%20and%20time&c6=safeway&v8=New&c11=ecommerce&v11=D%3Dc19&v15=year%3D2019%20%7C%20month%3DSeptember%20%7C%20date%3D26%20%7C%20day%3DThursday%20%7C%20time%3D3%3A06%20AM%20%7C%20YYMMDD%3D19926&c16=registered&v16=registered&c19=https%3A%2F%2Fshop.safeway.com%2Fecom%2Fcheckout%2Fmodern1%2Fclientcheckout%3Fadobe_mc%3DTS%253D1569496009%257CMCMID%253D53123840980393473835417171344688416627%257CMCORGID%253DA7BF3BC75245ADF20A490D4D%252540AdobeOrg%26adobe_mc%3DTS%253D1569496009%257CMCMID%253D53123840980393473835417171344688416627%257CMCORGID%253DA7BF3BC75245ADF20A490D4D%252540AdobeOrg&c21=delivery&v23=ecommerce&c32=61&v35=delivery&c42=First%20Visit&v46=49122544511&v49=53123840980393473835417171344688416627&c52=Coupons%20and%20Deals%206-25-2019&c60=delivery%20date%20and%20time&v78=ios&v90=mobile&v92=pah&v95=checkout&v98=not%20set&v100=first&v101=zero&v151=D%3Dc3&v152=D%3Dc58&v153=D%3Dc59&v154=D%3Dc60&v165=not%20set&s=375x667&c=32&j=1.6&v=N&k=Y&bw=375&bh=603&-g=6627%257CMCORGID%253DA7BF3BC75245ADF20A490D4D%252540AdobeOrg&mcorgid=A7BF3BC75245ADF20A490D4D%40AdobeOrg&AQE=1 HTTP\/1.1","STATUS":200,"RequestSize":4378,"ResponseTime":209,"Time":{"requestBegin":"2019-09-26T16:36:55.761+05:30","start":"2019-09-26T16:36:55.761+05:30","responseBegin":"2019-09-26T16:36:55.970+05:30","end":"2019-09-26T16:36:55.970+05:30","requestComplete":"2019-09-26T16:36:55.762+05:30"},"Duration":{"request":1,"total":209,"response":0,"latency":208,"dns":null,"ssl":null,"connect":null},"Domain":"stats.safeway.com","Latency":208},{"Status":"COMPLETE","ResponseSize":342,"RequestedPage":"GET \/abs\/pub\/web\/ecom\/api\/v1\/paymentInfo HTTP\/1.1","STATUS":200,"RequestSize":6323,"ResponseTime":2743,"Time":{"requestBegin":"2019-09-26T16:36:56.703+05:30","start":"2019-09-26T16:36:55.768+05:30","responseBegin":"2019-09-26T16:36:58.510+05:30","end":"2019-09-26T16:36:58.511+05:30","requestComplete":"2019-09-26T16:36:56.705+05:30"},"Duration":{"request":2,"total":2680,"response":1,"latency":1805,"dns":7,"ssl":453,"connect":412},"Domain":"shop.safeway.com","Latency":1805},{"Status":"COMPLETE","ResponseSize":350,"RequestedPage":"GET \/abs\/pub\/web\/ecom\/api\/v1\/GlobalTermsAndConditions HTTP\/1.1","STATUS":200,"RequestSize":5054,"ResponseTime":1200,"Time":{"requestBegin":"2019-09-26T16:36:56.658+05:30","start":"2019-09-26T16:36:56.658+05:30","responseBegin":"2019-09-26T16:36:57.856+05:30","end":"2019-09-26T16:36:57.858+05:30","requestComplete":"2019-09-26T16:36:56.659+05:30"},"Duration":{"request":1,"total":1200,"response":2,"latency":1197,"dns":null,"ssl":null,"connect":null},"Domain":"shop.safeway.com","Latency":1197},{"Status":"COMPLETE","ResponseSize":320,"RequestedPage":"GET \/abs\/pub\/web\/ecom\/api\/v1\/ordersummarylight HTTP\/1.1","STATUS":200,"RequestSize":6329,"ResponseTime":1216,"Time":{"requestBegin":"2019-09-26T16:36:58.507+05:30","start":"2019-09-26T16:36:58.507+05:30","responseBegin":"2019-09-26T16:36:59.722+05:30","end":"2019-09-26T16:36:59.723+05:30","requestComplete":"2019-09-26T16:36:58.509+05:30"},"Duration":{"request":2,"total":1216,"response":1,"latency":1213,"dns":null,"ssl":null,"connect":null},"Domain":"shop.safeway.com","Latency":1213},{"Status":"COMPLETE","ResponseSize":2988,"RequestedPage":"GET \/abs\/pub\/web\/ecom\/api\/v1\/cartitems HTTP\/1.1","STATUS":200,"RequestSize":6321,"ResponseTime":1648,"Time":{"requestBegin":"2019-09-26T16:36:58.509+05:30","start":"2019-09-26T16:36:58.507+05:30","responseBegin":"2019-09-26T16:37:00.154+05:30","end":"2019-09-26T16:37:00.155+05:30","requestComplete":"2019-09-26T16:36:58.509+05:30"},"Duration":{"request":0,"total":1646,"response":1,"latency":1645,"dns":null,"ssl":null,"connect":null},"Domain":"shop.safeway.com","Latency":1645},{"Status":"COMPLETE","ResponseSize":414,"RequestedPage":"GET \/content\/dam\/generic-content\/termsandcondition HTTP\/1.1","STATUS":200,"RequestSize":5677,"ResponseTime":786,"Time":{"requestBegin":"2019-09-26T16:36:58.811+05:30","start":"2019-09-26T16:36:58.810+05:30","responseBegin":"2019-09-26T16:36:59.596+05:30","end":"2019-09-26T16:36:59.596+05:30","requestComplete":"2019-09-26T16:36:58.811+05:30"},"Duration":{"request":0,"total":785,"response":0,"latency":785,"dns":null,"ssl":null,"connect":null},"Domain":"shop.safeway.com","Latency":785}],"Recommendation":[]}}]}]