{"_shards":{"failed":0,"successful":2,"total":2},"hits":{"hits":[{"_id":"AVrrA_IIpQSETYJga32x","_index":"zapproxy","_score":1,"_source":{"Buildno":"25","RunId":"25","high":1,"info":0,"low":5,"med":3},"_timestamp":1490001588744,"_type":"run"},{"_id":"AVrvRKlypQSETYJga33a","_index":"zapproxy","_score":1,"_source":{"Buildno":"27","RunId":"27","high":1,"info":0,"low":5,"med":3},"_timestamp":1490072938866,"_type":"run"},{"_id":"AVr08zUyeAAlKmH98W1l","_index":"zapproxy","_score":1,"_source":{"Buildno":"31","RunId":"31","high":1,"info":0,"low":5,"med":3},"_timestamp":1490168263986,"_type":"run"},{"_id":"AVr1b7VDeAAlKmH98W2O","_index":"zapproxy","_score":1,"_source":{"Buildno":"33","RunId":"33","high":1,"info":0,"low":5,"med":3},"_timestamp":1490176423235,"_type":"run"},{"_id":"AVr1nhVxeAAlKmH98W2p","_index":"zapproxy","_score":1,"_source":{"Buildno":"35","RunId":"35","high":1,"info":0,"low":5,"med":3},"_timestamp":1490179462513,"_type":"run"},{"_id":"AVskGfuiQ4zZiFqIr68P","_index":"zapproxy","_score":1,"_source":{"Buildno":"40","RunId":"40","high":1,"info":0,"low":5,"med":3},"_timestamp":1490959334306,"_type":"run"},{"_id":"AVtX63BQQ4zZiFqIr68e","_index":"zapproxy","_score":1,"_source":{"Buildno":"41","RunId":"41","high":0,"info":0,"low":0,"med":0},"_timestamp":1491828699216,"_type":"run"},{"_id":"AVrss4OGpQSETYJga33L","_index":"zapproxy","_score":1,"_source":{"Buildno":"26","RunId":"26","high":1,"info":0,"low":5,"med":3},"_timestamp":1490029872006,"_type":"run"},{"_id":"AVrx1hNPeAAlKmH98W1Z","_index":"zapproxy","_score":1,"_source":{"Buildno":"30","RunId":"30","high":1,"info":0,"low":5,"med":3},"_timestamp":1490116023119,"_type":"run"},{"_id":"AVr1WhnVeAAlKmH98W1-","_index":"zapproxy","_score":1,"_source":{"Buildno":"32","RunId":"32","high":1,"info":0,"low":5,"med":3},"_timestamp":1490175007189,"_type":"run"},{"_id":"AVr1hnbIeAAlKmH98W2l","_index":"zapproxy","_score":1,"_source":{"Buildno":"34","RunId":"34","high":1,"info":0,"low":5,"med":3},"_timestamp":1490177914568,"_type":"run"},{"_id":"AVsUjsd9Q4zZiFqIr67o","_index":"zapproxy","_score":1,"_source":{"Buildno":"37","RunId":"37","high":1,"info":0,"low":5,"med":3},"_timestamp":1490698553213,"_type":"run"},{"_id":"AVsYIb3EQ4zZiFqIr673","_index":"zapproxy","_score":1,"_source":{"Buildno":"38","RunId":"38","high":1,"info":0,"low":5,"med":3},"_timestamp":1490758516164,"_type":"run"},{"_id":"AVsfEJS9Q4zZiFqIr67_","_index":"zapproxy","_score":1,"_source":{"Buildno":"39","RunId":"39","high":1,"info":0,"low":5,"med":3},"_timestamp":1490874832061,"_type":"run"},{"_id":"AVtg-yiaAXseR2EsSHu4","_index":"zapproxy","_score":1,"_source":{"Buildno":"43","RunId":"43","high":1,"info":0,"low":5,"med":3},"_timestamp":1491980724378,"_type":"run"},{"_id":"AVrxfZ04eAAlKmH98W1L","_index":"zapproxy","_score":1,"_source":{"Buildno":"29","RunId":"29","high":0,"info":0,"low":0,"med":0},"_timestamp":1490110225720,"_type":"run"},{"_id":"AVtckDdLQ4zZiFqIr689","_index":"zapproxy","_score":1,"_source":{"Buildno":"42","RunId":"42","high":0,"info":0,"low":0,"med":0},"_timestamp":1491906606923,"_type":"run"}],"max_score":1,"total":17},"timed_out":false,"took":1}
