[{"activitymetrics":[{"memory":{"memorymax":174865,"memoryincrease":30920}},{"gpu":{"gpuframes":" 113","gpujanks":"36"}},{"cpu":{"cpumax":25.25,"cpuincrease":"13.48"}}],"activity":"UC1_T01_Play","beforeScreen":"..\/UC1_T01_Play\/screen_before.png","ResponseTime":3215,"afterScreen":"..\/UC1_T01_Play\/screen_after.png"},{"activitymetrics":[{"cpu":{"cpumax":30.0,"cpuincrease":"17.87"}},{"gpu":{"gpuframes":" 139","gpujanks":"7"}},{"memory":{"memorymax":189892,"memoryincrease":26033}}],"activity":"UC1_T01_PlayAgain","beforeScreen":"..\/UC1_T01_PlayAgain\/screen_before.png","ResponseTime":76781,"afterScreen":"..\/UC1_T01_PlayAgain\/screen_after.png"}]