[{"UC1":[{"UC1_T01_PlayAgain":{"NetworkDetails":[],"Recommendation":[{"ruleHeader":"Validate no. of requests in a page","Message":"Total no. of requests in the page:0.,No. of requests per page is within the industry standard","Recommendation":"none"},{"ruleHeader":"Leverage Browsing Cache","Message":"none","Recommendation":"none"},{"ruleHeader":"Apply Compression Technique","Message":"none","Recommendation":"none"},{"ruleHeader":"Avoid Duplicate calls","Message":"none","Recommendation":"none"},{"ruleHeader":"Errorneous Requests","Message":"none","Recommendation":"none"},{"ruleHeader":"Avoid Redirects","Message":"none","Recommendation":"none"},{"ruleHeader":"Server time consuming","Message":"none","Recommendation":"none"},{"ruleHeader":"Combine CSS and JS","Message":"none","Recommendation":"none"}]}},{"UC1_T01_Play":{"NetworkDetails":[],"Recommendation":[{"ruleHeader":"Validate no. of requests in a page","Message":"Total no. of requests in the page:0.,No. of requests per page is within the industry standard","Recommendation":"none"},{"ruleHeader":"Leverage Browsing Cache","Message":"none","Recommendation":"none"},{"ruleHeader":"Apply Compression Technique","Message":"none","Recommendation":"none"},{"ruleHeader":"Avoid Duplicate calls","Message":"none","Recommendation":"none"},{"ruleHeader":"Errorneous Requests","Message":"none","Recommendation":"none"},{"ruleHeader":"Avoid Redirects","Message":"none","Recommendation":"none"},{"ruleHeader":"Server time consuming","Message":"none","Recommendation":"none"},{"ruleHeader":"Combine CSS and JS","Message":"none","Recommendation":"none"}]}}]},{"App-Launch":[{"App-Launch":{"NetworkDetails":[],"Recommendation":[{"ruleHeader":"Validate no. of requests in a page","Message":"Total no. of requests in the page:0.,No. of requests per page is within the industry standard","Recommendation":"none"},{"ruleHeader":"Leverage Browsing Cache","Message":"none","Recommendation":"none"},{"ruleHeader":"Apply Compression Technique","Message":"none","Recommendation":"none"},{"ruleHeader":"Avoid Duplicate calls","Message":"none","Recommendation":"none"},{"ruleHeader":"Errorneous Requests","Message":"none","Recommendation":"none"},{"ruleHeader":"Avoid Redirects","Message":"none","Recommendation":"none"},{"ruleHeader":"Server time consuming","Message":"none","Recommendation":"none"},{"ruleHeader":"Combine CSS and JS","Message":"none","Recommendation":"none"}]}}]}]